Date,Close,High,Low,Open,Volume,Return,MA_7,MA_21,MA_50,Volatility_7,Volatility_21,Volatility_50,RSI,MACD,Target
2020-03-16,58.47034454345703,62.5428168089279,57.93684117686896,58.40757727472599,322423600,-0.12864670080530394,64.98513357979911,70.0631110781715,73.45611862182618,0.09101398801657824,0.06014515867823158,0.0411628560751724,40.05291739959353,-3.2029349836131047,1
2020-03-17,61.041290283203125,62.1879532458274,57.55059398806874,59.74978006097213,324056000,0.04397008021451421,63.737765720912385,69.23440769740513,73.2443312072754,0.09456122559189974,0.061340968278181356,0.0416917277426396,41.59306903044498,-3.4002962022773318,0
2020-03-18,59.5469970703125,60.3508711155952,57.24159305699179,57.88131450093201,300233600,-0.024480039756004546,63.0652825491769,68.40294501894996,72.99124252319336,0.09056634225287857,0.061397126625995516,0.04178053860378826,43.998916148887126,-3.63537700080866,0
2020-03-19,59.09075164794922,61.03646337436918,58.56690646649194,59.72081496454535,271857200,-0.007661938381620659,61.66652134486607,67.49664778936477,72.73582061767578,0.0836871926704721,0.06113856011319592,0.041785119582895304,43.661281940604226,-3.814523962116496,0
2020-03-20,55.33934020996094,60.79264444451166,55.03999854094989,59.67011594836406,401693200,-0.06348559348742822,60.073602948869976,66.4498770577567,72.38225051879883,0.08529873683584072,0.062182219153650777,0.04255001398158576,33.86071721999279,-4.2106688019309075,0
2020-03-23,54.1636962890625,55.1606938155284,51.3247927605554,55.059304798459365,336752800,-0.021244270647932773,59.25076184953962,65.43046460832868,71.9741487121582,0.07855203533767742,0.06217325747364543,0.042446850091977864,34.60244125455873,-4.566837421664232,1
2020-03-24,59.597694396972656,59.79323063321941,56.56083807077307,57.05812866753022,287531200,0.10032546669100695,58.178587777274,64.84075055803571,71.67135528564454,0.07328543541109486,0.06640257306447542,0.04500072974800856,37.30453259275763,-4.360361848212733,0
2020-03-25,59.26939010620117,62.34245572079971,58.97487753279941,60.53192941719469,303602000,-0.005508674355499288,58.2927371433803,64.35150636945453,71.33006141662598,0.05338542276514246,0.06611336049882494,0.04485768591914761,38.79644726766366,-4.175092019294176,1
2020-03-26,62.38833236694336,62.446266859922645,59.47217711965345,59.51080257065681,252087200,0.05262315429859399,58.48517172677176,63.95824904668899,71.07176162719726,0.05457559190347097,0.06718529833224653,0.04554313316945914,43.065692855426,-3.733553687868074,0
2020-03-27,59.805301666259766,61.767909526223264,59.638732669554486,61.01473181958192,204216800,-0.041402464253912696,58.52207238333566,63.66189702351888,70.76825508117676,0.056410326235536636,0.0662838483299818,0.045870211976265444,45.5784166191323,-3.551125208453527,1
2020-03-30,61.51203536987305,61.68343350383442,60.20604133587408,60.529524878595154,167976400,0.0285381672872016,58.86797005789621,63.4486574445452,70.48009841918946,0.05703818690392348,0.06663210912389442,0.04603981174722596,42.22404125126409,-3.2315785521173765,0
2020-03-31,61.38650131225586,63.3660094986333,60.8336888557072,61.70274302705608,197002000,-0.002040804809373409,59.73185021536691,62.93688220069522,70.17262077331543,0.048441452313979665,0.06303538036295121,0.04599442366961582,44.345179848415306,-2.9544084920386666,0
2020-04-01,58.156517028808594,60.04187774072141,57.726819101176545,59.50596168562525,176218400,-0.05261717502056751,60.302253178187776,62.38039016723633,69.81094795227051,0.05362471337570583,0.06362715658977092,0.046516577440145354,47.88562416504643,-2.961246553140434,1
2020-04-02,59.12696075439453,59.18006982201146,57.1884908369524,58.01891951220774,165934000,0.01668675799661834,60.23500551496233,61.71584047589983,69.46324089050293,0.037366060280138495,0.0627105953526266,0.04659900091025747,38.790917999952825,-2.8554432946618533,0
2020-04-03,58.27721405029297,59.3128333420279,57.688188979235456,58.61276473473643,129880000,-0.014371560676546435,60.09326607840402,61.12371226719448,69.09116966247558,0.037711375117064634,0.06248444418077658,0.04660328855407894,49.65258373179475,-2.8077944013700815,1
2020-04-06,63.36116790771485,63.515662294825994,60.20119742720632,60.56812804276326,201820400,0.08723742101045628,60.232242584228516,60.81839334397089,68.8252089691162,0.047129867734847716,0.06576738024049682,0.04837457381805593,53.827136875041695,-2.3329074176990545,0
2020-04-07,62.627296447753906,65.58932155008534,62.523494730385906,65.3720525473446,202887200,-0.011582353738015416,60.635384695870535,60.74091320946103,68.58965446472168,0.043651269780970114,0.06344610570268257,0.048238928427786855,55.212392796603055,-1.9928015792334648,1
2020-04-08,64.230224609375,64.54404618126709,63.06183266990903,63.42634690897305,168895200,0.025594720713488117,61.02369744437082,60.5193962823777,68.34406105041504,0.04342739265930193,0.06161916747867059,0.048205548740235304,58.37196972653313,-1.5757579882922599,1
2020-04-09,64.6937255859375,65.19584902236409,63.89951332637289,64.86512738575412,161834800,0.007216244056148735,61.49615805489676,60.433870406377885,68.07570701599121,0.043247245224412145,0.061166708564075904,0.04810925673090093,67.06592543928022,-1.194082641267336,1
2020-04-13,65.96349334716797,66.07212784753266,64.17227648943236,64.7709597033301,131022800,0.019627371120306547,62.61144038609096,60.72148513793945,67.8350122833252,0.03389301708047185,0.05686723722339942,0.048212030396881586,71.45359913243634,-0.780149455195037,1
2020-04-14,69.29486083984375,69.58454794114515,67.12222968123038,67.59296937908287,194994800,0.050503199931251075,64.06399754115513,60.82586361113049,67.73011177062989,0.035919338598623035,0.05171762627085211,0.04838599998171353,69.09033124550724,-0.18120212247256973,0
2020-04-15,68.66239166259766,69.1210568119712,67.74506136385055,68.17234288135833,131154400,-0.00912721621171697,65.54759434291294,61.31119918823242,67.61665596008301,0.03504272728312505,0.042233027232816286,0.04840096805034022,68.2727050504052,0.23967020808491668,1
2020-04-16,69.20796966552734,69.57249130619873,68.16027936470277,69.37453866907585,157125200,0.007945805406992301,66.38285173688617,61.70008868262882,67.46502983093262,0.02145477798872684,0.0414451358650304,0.048176697531596833,64.74266897901322,0.6102040945607001,0
2020-04-17,68.2689208984375,69.27075152318855,66.83498322406335,68.72517714348913,215250000,-0.013568506223028076,67.18879808698382,62.115418388730006,67.28209968566894,0.02184188737229986,0.04110035037120245,0.0481909624810029,69.69664310844269,0.8186446555979643,0
2020-04-20,66.85186767578125,67.99853426971617,66.83255863780644,67.09810395402242,130015200,-0.020756930152219244,67.56331852504185,62.48499534243629,67.05271797180175,0.024149514193649746,0.04143695552569541,0.048229861981670126,62.59676790299569,0.8595822209212827,0
2020-04-21,64.78544616699219,66.92911009651182,64.07571939662287,66.69494844279068,180991600,-0.030910452925725473,67.57642146519252,62.93480991181873,66.8032997894287,0.027840886125571555,0.039229298068596964,0.04837660209574077,57.34553295062373,0.7170172617592669,1
2020-04-22,66.65149688720703,67.08602016909022,65.71002486509416,66.05039726124157,116862400,0.02880354818279529,67.6747076851981,63.52946708315895,66.58386375427246,0.029078445968548677,0.03886670089740455,0.04856806398266281,69.50877554467387,0.7460086787091882,0
2020-04-23,66.3932113647461,68.0154433517939,66.35458591659604,66.59598944224571,124814400,-0.0038751646178033505,67.26018633161273,63.853063129243395,66.36862846374511,0.019645226243468213,0.03306081771371633,0.04856526407096211,67.25127174427305,0.7396172551122788,1
2020-04-24,68.30995178222656,68.31960998543786,66.86877252729914,66.91705617630512,126161200,0.028869524128761093,67.20983777727399,64.28356606619698,66.15508293151855,0.02348728365633109,0.033329798406160946,0.048625711667941836,72.6707663344522,0.8790834123198437,1
2020-04-27,68.35823059082031,68.68895219864656,67.58091104598891,68.02750161594408,117087600,0.0007067609818796061,67.08844648088727,64.56784693400066,65.95375221252442,0.023211238421427072,0.03168509490136297,0.04862064341340717,64.61867896557402,0.9821850254919866,0
2020-04-28,67.25019836425781,69.00037411858965,67.15847120269908,68.81932145434843,112004800,-0.016209199930802387,66.94291469029018,64.92236582438152,65.72987495422363,0.02345957736823986,0.030293378495310518,0.04866366077341625,63.234364577604545,0.9633796157387877,1
2020-04-29,69.45903015136719,69.92735352024151,68.53204161617626,68.73481966758834,137280800,0.03284498545484338,67.31536647251674,65.3007941473098,65.57890129089355,0.024981292945767095,0.030467443051385934,0.048849326214764996,64.46705265175471,1.1138704530435604,1
2020-04-30,70.9243392944336,71.10056648651737,69.60869475205328,69.99735081766806,183064000,0.021096020774738156,68.19235120500836,65.75497690836589,65.43492820739746,0.01936412829739396,0.03057129302355915,0.04890073154401565,66.33339560082193,1.335973457181737,0
2020-05-01,69.78251647949219,72.17965163700352,69.00519685948858,69.1017567929507,240616800,-0.016099167455071672,68.63963971819196,66.308595929827,65.28414802551269,0.020714942671278762,0.02791343664620992,0.048930849354377234,60.07908353626394,1.4036754329393233,1
2020-05-04,70.76985931396484,70.89780288941466,69.11866006272429,69.80666159250394,133568000,0.014148856823797962,69.26487513950893,66.86301967075893,65.18811805725097,0.02028817958674337,0.027884324530546234,0.048873526504304154,54.44242796631006,1.5194843815627195,1
2020-05-05,71.83201599121094,72.66244451792257,71.08366376030753,71.2285073158129,147751200,0.015008602356179956,69.76802716936383,67.50848642985027,65.1851245880127,0.01867644542076664,0.027387967630537816,0.048434873682385714,59.3054817023484,1.6776322741783076,1
2020-05-06,72.57311248779297,73.20317188783281,72.14824010437898,72.53207066423909,142333600,0.010317077787051154,70.37015315464565,67.94715045747303,65.24571647644044,0.018458087272591534,0.020987496766177057,0.048186066979100856,59.767359874715886,1.841537810579652,1
2020-05-07,73.32390594482422,73.66911859215423,72.89662434827942,73.19837876119128,115215200,0.01034533908350066,71.23782566615513,68.45651281447638,65.29925987243652,0.01485562843473517,0.020574199319006805,0.04815996111101449,64.83425598672417,2.008859998798826,1
2020-05-08,75.06912994384766,75.1223827731926,73.65551811313698,73.98229650289032,133838400,0.023801568895370995,72.03926849365234,68.97265116373698,65.48006858825684,0.013081027655837253,0.020499967533893316,0.04726142593340305,73.6585265131596,2.256280037937657,1
2020-05-11,76.25038146972656,76.74417245398942,74.36959376483475,74.57776663572473,145946400,0.015735516406843786,72.80013166155133,69.52296811058407,65.68527488708496,0.012553543508687629,0.02057507431966128,0.04728781880863088,84.78182375362577,2.5186459448779317,0
2020-05-12,75.37897491455078,77.3832066763356,75.25794640867731,76.93297679324957,162301200,-0.01142822551677003,73.59962572370257,69.97132437569755,65.75017875671386,0.01092463970420424,0.02081655491397488,0.04554651068098995,78.17756530512509,2.625986848251557,0
2020-05-13,74.46881866455078,76.47789576756719,73.39408522317618,75.55807493186354,200622400,-0.012074404713406484,74.12804848807198,70.21770331973121,65.84269813537598,0.013828236387630833,0.018572395048222386,0.04533418972517689,75.01978444644678,2.6075550135927017,1
2020-05-14,74.92632293701172,74.98683718466037,72.98744407851115,73.70877656980059,158929200,0.006143568283549561,74.5700923374721,70.51598576136998,65.87957450866699,0.013413563557037328,0.018346794777749767,0.04489052296480537,72.53654173291207,2.599894458160648,0
2020-05-15,74.48336791992188,74.5293593473761,72.66794016355354,72.70183169409641,166348400,-0.00591187448851882,74.84298597063336,70.76719520205543,65.95500373840332,0.013958683980555098,0.018458958475591765,0.04463740831435315,70.31705203657927,2.5289287286593094,1
2020-05-18,76.2382583618164,76.611028150083,75.11511790410643,75.80498172029709,135178400,0.023560836343776037,75.25932203020368,71.14668746221633,66.08431159973145,0.015767715188317565,0.018503765986889138,0.04468371934088392,78.58662909739104,2.5845003578488814,0
2020-05-19,75.79772186279297,77.09998213452099,75.76625327530091,76.25520568719914,101729600,-0.0057784176670552245,75.36340659005302,71.5726805187407,66.31517845153809,0.013965425970501048,0.017715604726522415,0.04311849571890099,72.71534223728999,2.563443875293544,1
2020-05-20,77.27184295654297,77.3420341535439,76.61586330214624,76.65459330065981,111504800,0.019448092337371436,75.50932965959821,72.16727084205264,66.48297370910645,0.014651405863198111,0.015747565460915474,0.04205949187106145,72.73256354068188,2.635327300994703,0
2020-05-21,76.69576263427734,77.67367499164858,76.45854411277335,77.1338852173559,102688800,-0.007455242430151499,75.69744219098773,72.64556921096076,66.68709358215332,0.014111800486582102,0.01539925505283393,0.04173347302378389,75.80433050438637,2.6156588788876007,1
2020-05-22,77.18954467773438,77.27184315466477,76.33266100253039,76.43432078527125,81803200,0.006438191974328822,76.08611733572823,73.15968032110305,67.03241279602051,0.012561224500961506,0.015204374112546246,0.03902584178702823,74.8787317018364,2.609831088636298,0
2020-05-26,76.66671752929688,78.4845606060167,76.61104175906425,78.30544078691085,125522000,-0.00677328970678992,76.33474513462612,73.55762154715401,67.2236888885498,0.013326084215645679,0.01465688351824854,0.03541970046817707,69.55370113688399,2.5338164822832994,1
2020-05-27,77.0007553100586,77.14599099987917,75.78563172544763,76.52391007078806,112945200,0.0043570116411215665,76.69437190464565,73.96917034330822,67.59429710388184,0.012684931143232797,0.014617385362976328,0.02986811311149212,68.51707678170308,2.472032366001585,1
2020-05-28,77.03463745117188,78.29091382648822,76.4004493161322,76.67639044487011,133560800,0.0004400234903780831,76.80814034598214,74.43509601411365,67.91416404724121,0.009638641275148574,0.013792995122884184,0.0293675145840171,66.50878809128943,2.398157546940894,0
2020-05-29,76.95960235595703,77.73660324937043,76.60377827424547,77.27669643163954,153532400,-0.000974043595160734,76.974123273577,74.79226611909412,68.2624161529541,0.009192627779469182,0.01248526558985541,0.02907130528970808,59.87865962661802,2.3069632788626393,1
2020-06-01,77.90604400634766,78.02707250180976,76.78289602270274,76.91360886615988,80791200,0.012297902034538843,77.06472342354911,75.12472824823288,68.63872200012207,0.007122250561639532,0.01205732271422332,0.029023180128453202,58.869313811478186,2.2847242172500017,1
2020-06-02,78.2667007446289,78.29090791932163,77.19922860751555,77.63977407114822,87642800,0.0046293807223976025,77.28914315359933,75.52873702276321,69.09726921081543,0.0060633233814533245,0.011092209659709817,0.02724141668717255,66.36493502450632,2.270034045909256,1
2020-06-03,78.69757080078125,78.9589964979716,78.0149682866651,78.58622664893751,104491200,0.005505151642436035,77.50457545689174,75.90624709356399,69.5879467010498,0.005982720855178716,0.0109156333083969,0.02693005204493318,75.34123068904505,2.2670267190429456,0
2020-06-04,78.01980590820312,78.81859097042819,77.6470360985682,78.5208656190316,87560400,-0.00861227209025106,77.6978737967355,76.2009037562779,69.95638893127442,0.006491080042680081,0.011062315951080407,0.023481372257611537,68.06122130807984,2.184768773867461,1
2020-06-05,80.24190521240234,80.30241946972693,78.24009623942295,78.26914190101967,137250400,0.028481220612285307,78.16089521135602,76.56608436221168,70.37583923339844,0.011833946294546436,0.012229451261864815,0.023642660795343357,77.8377804217954,2.2726854989354166,1
2020-06-08,80.71630096435547,80.75019247995644,79.23007527095147,79.9393002955481,95654400,0.005912069892874294,78.68684714181083,76.91810317266555,70.74239860534668,0.01158615699814697,0.012168238495758908,0.02268008449405976,74.70635874744495,2.353510109911582,1
2020-06-09,83.26518249511719,83.6573136410901,80.36534445233356,80.39681304328083,147712400,0.03157827477608666,79.587644304548,77.30839138939267,71.21159622192383,0.014206430600659743,0.012877735406326514,0.02194207161120009,83.42379296661838,2.593343188088568,1
2020-06-10,85.40739440917969,85.8745626649843,83.77350959383725,84.2116321903992,166651600,0.025727583245111152,80.65926579066685,77.74443962460472,71.68950340270996,0.015218825987651674,0.013464497921192862,0.021888972621234314,84.35921345932385,2.92258152808877,0
2020-06-11,81.30693817138672,84.97652287764004,81.20527837641917,84.55292316229209,201662400,-0.04801055302247048,81.09358542306083,78.02672358921596,72.08791213989258,0.02792685219898281,0.017519962557772398,0.023195069143933027,65.0070715457684,2.8201240999676855,1
2020-06-12,82.0088882446289,84.18740070270101,80.90027071068629,83.44186857843707,200146000,0.008633335469631742,81.56663077218192,78.38577452160064,72.56495956420899,0.027946418733998293,0.017163397045893054,0.021604535348394162,65.4748751708118,2.7637090370548947,1
2020-06-15,83.02313232421875,83.67426627857331,80.50331793854433,80.66549938713932,138808800,0.012367489686781141,82.28139168875558,78.77133687337239,73.04288299560547,0.027202676501215137,0.01724231780012755,0.021574126069432542,69.78597891137076,2.768922301383327,1
2020-06-16,85.22344970703125,85.49455982971764,83.44191322277945,85.07337550598776,165428800,0.0265024616780285,82.99304090227399,79.28276933942523,73.58180770874023,0.02697878066277493,0.017658633752809506,0.021520726783720995,72.93100432890486,2.916975991421893,0
2020-06-17,85.10481262207031,86.02704912393895,84.98378413219785,85.96653487900272,114406400,-0.001392070907347387,83.6199711390904,79.70498620896112,74.01668060302734,0.027256076222546735,0.017294982514548897,0.018250257135659562,72.39977874963047,2.990266653575773,1
2020-06-18,85.13871765136719,85.55505601805591,84.53115217198582,85.06125763268233,96820400,0.00039839144523390324,83.88761901855469,80.14979553222656,74.4669090270996,0.02521587111767886,0.01714732686244074,0.018091575664079037,72.75410859031257,3.0163156743687267,0
2020-06-19,84.65219116210938,86.3078604847737,83.54598867934699,85.84311508911084,264476000,-0.005714515119314756,83.77973284040179,80.50124068487258,74.8753483581543,0.02331736715326565,0.017016559192925072,0.017952145093615243,69.26049019518152,2.963539253631879,1
2020-06-22,86.86698150634766,87.00979422869749,84.99830144840965,85.04429286253834,135445200,0.026163414246383132,84.5740247453962,80.98558444068546,75.3188134765625,0.012965689380185125,0.017413134695589368,0.01818340850355852,72.2033832871508,3.065096110958123,1
2020-06-23,88.72113800048828,90.1371727058119,87.6899729783668,88.1087341820106,212155600,0.02134477867180329,85.53291756766183,81.53470793224517,75.77396636962891,0.013683652586070516,0.01772887260403284,0.01821113529236977,74.10631291900899,3.2576434988692995,0
2020-06-24,87.1550521850586,89.26821268122214,86.78228229668392,88.3508144843821,192623200,-0.017651777814449043,86.1231918334961,82.03415243966239,76.1311701965332,0.017496055660621124,0.018295275868143838,0.017350690042227848,71.0696770855879,3.2464456494335963,1
2020-06-25,88.31207275390625,88.35080275936323,86.55232106785238,87.30996064055707,137522400,0.013275427411722829,86.56442369733539,82.57278660365513,76.52416381835937,0.01566935595544745,0.01835171009518401,0.017274250300409726,69.57488222015698,3.2929738110722724,0
2020-06-26,85.5986328125,88.42828022008003,85.45097417587026,88.20800742576003,205256800,-0.030725583227647957,86.63496943882534,82.98059590657552,76.85197708129883,0.020807212235833702,0.020064319938999986,0.017998988589970115,60.68221326534325,3.075443984425476,1
2020-06-29,87.57136535644531,87.66577111516035,85.02976731524565,85.50661981464565,130646000,0.023046309025361422,86.98249053955078,83.48591795421783,77.23802597045898,0.022395905836535872,0.020375486718275698,0.01799705962230465,59.6653152144206,3.0273358162342987,1
2020-06-30,88.30239868164062,88.58803158175118,87.14052793069565,87.15988924218063,140223200,0.008347858026647836,87.50394875662667,83.98098246256511,77.66703659057617,0.02198013656330102,0.020336215205755265,0.017608463386009708,56.93736708623781,3.0134607267413003,0
2020-07-01,88.13536834716797,88.9220535759505,88.08696138066959,88.37984827441205,110737200,-0.0018915718821507221,87.68514687674386,84.45091901506696,78.13403503417969,0.020233896592071275,0.02041074510361486,0.01683737067480615,70.16443067029425,2.954924140180694,0
2020-07-02,88.13536834716797,89.67485466688348,88.02160865174983,89.04066652590694,114041600,0.0,87.6014654976981,84.90033794584728,78.5637124633789,0.018402001220724256,0.020450988984731074,0.016542368928837974,68.87403116080192,2.875387792987283,1
2020-07-06,90.49298858642578,90.96015670821257,89.52959930495038,89.56106788910034,118655600,0.026749990196569762,88.07831355503627,85.49429902576264,79.0457080078125,0.01925775929931295,0.020676119284030386,0.0167448966592774,71.25343030441957,2.968377308796633,0
2020-07-07,90.21221160888672,91.64760765010688,90.100867472441,90.87060685450932,112424400,-0.003102748422005197,88.34976196289062,85.96907552083333,79.4837532043457,0.019156427631714806,0.02020103380542219,0.016475705189110294,65.93471292333591,2.9850065174612723,1
2020-07-08,92.31327056884766,92.34473915860562,91.10056271828748,91.18770707353976,117092000,0.02329018347394074,89.30899592808315,86.5213121686663,79.96285400390624,0.013148469879992235,0.020559119618095038,0.016644408634785064,70.43656604555528,3.131623774418074,1
2020-07-09,92.71023559570312,93.25727928434208,91.66454778966232,93.20402645939578,125642800,0.00430019459184261,90.04312024797711,86.97107660202752,80.47205474853516,0.012137172396040964,0.019748879094055965,0.016331600402212588,71.03288577973174,3.2424735502511197,1
2020-07-10,92.8724365234375,92.93053523193312,91.6960429410668,92.30602397781524,90257200,0.0017495471421484776,90.69598279680524,87.32655479794457,80.94032287597656,0.012381347605809903,0.019195213695269296,0.015897013329274717,73.25399298825995,3.3053095050364476,0
2020-07-13,92.44397735595705,96.77921853086478,92.23096604261151,94.17468319640058,191649200,-0.004613415815491462,91.3114983694894,87.85688999720982,81.37071563720703,0.012755190581454726,0.015220585404298189,0.015812710030905397,67.55032777155682,3.2826935302682614,1
2020-07-14,93.97377014160156,94.1649898089578,90.89480551473416,91.82671884066302,170989200,0.01654832288050545,92.1455557686942,88.42664627801804,81.85454071044921,0.012794398215017709,0.01537993214915876,0.015577589609551514,66.87406527247356,3.349599600968318,1
2020-07-15,94.62008666992188,96.09421302015996,93.42432441242931,95.8448945875974,153198000,0.006877626888294852,92.73514120919364,88.97888219924201,82.33154525756837,0.01021534323640132,0.015323885831785863,0.0155346989538417,75.48759375600756,3.415404825559804,0
2020-07-16,93.4557647705078,94.31022548870118,92.8578838224014,93.49449476804814,110577600,-0.01230522968633252,93.19850594656808,89.3708972022647,82.7640202331543,0.012071049544141175,0.015111542288630946,0.01568892569408026,67.55316766939137,3.3351592536989187,0
2020-07-17,93.26696014404295,94.06090662183888,92.79494615025624,93.90599401950855,92186800,-0.0020202566094074115,93.33474731445312,89.7595708937872,83.1778971862793,0.009161736451716052,0.015124424511942349,0.015706988922661015,81.61645774681114,3.2192199408283813,1
2020-07-20,95.23249053955078,95.37046481228468,93.01040889370655,93.35413310853578,90318000,0.02107424100101718,93.69506944928851,90.24022674560547,83.61606887817383,0.011822030808425919,0.015513450044849794,0.0158520112954393,81.60553349183957,3.248492477214441,0
2020-07-21,93.91810607910156,96.09661884897764,93.66878769091768,96.02158177786352,103433200,-0.013801849064352112,93.84445081438336,90.68146078927177,83.9930484008789,0.013618567080414739,0.01590037882449329,0.015851523075956317,72.10340640055927,3.129555761273508,1
2020-07-22,94.18196105957033,94.86214066616996,93.53325004616464,93.62038702393836,89001600,0.0028094154735887056,94.09273420061383,91.02979314894904,84.35167999267578,0.013332858518608437,0.015151006046238692,0.01577164106355196,73.61934229105587,3.0217555319979397,0
2020-07-23,89.8951416015625,93.99316537476754,89.08667200224166,93.9157053517562,197004400,-0.04551635376647556,93.51007298060826,91.08569808233352,84.64200332641602,0.021033099745552508,0.018062063578272232,0.01714482433541527,55.14947881667161,2.5608921986560773,0
2020-07-24,89.67242431640625,90.01614846898383,86.31267234298356,88.09663844239333,185438800,-0.0024775230472786625,92.80326407296317,91.20557294573102,84.94607543945312,0.020355429278416638,0.017584925338768206,0.017018179047914986,47.256005621013294,2.152866359772844,1
2020-07-27,91.79768371582033,91.88966654711751,90.50994623863684,90.7326345162056,121214000,0.023700255854745,92.56639535086495,91.37155442010788,85.2835026550293,0.02326846083272103,0.01807414422718886,0.017245744464274237,54.719654207106025,1.9781902687518027,0
2020-07-28,90.28968048095705,91.54595685387366,90.28483461346656,91.3692525913136,103625600,-0.016427464984101747,92.14106968470982,91.59493764241536,85.59962890625,0.023867126832418928,0.017018097327370762,0.017434862891360238,43.75567374951508,1.6984957482903695,1
2020-07-29,92.0203857421875,92.20435141750036,90.73506372270916,90.771370793628,90329200,0.019168361788537647,91.68219757080078,91.80679575602214,85.91527145385743,0.023536984337429456,0.016805798692881915,0.017345157160962327,48.03317799456373,1.5980677459951949,1
2020-07-30,93.13385009765624,93.23793283077006,90.7883172670131,91.1949712384762,158130000,0.012100192218149619,91.57016100202289,92.03686487107049,86.26199401855469,0.023891663283302656,0.016890837172471022,0.017325450857036608,50.706965166738435,1.5899966073569516,1
2020-07-31,102.8838882446289,103.03396237192648,97.62156512089064,99.61611941491957,374336800,0.10468844718380255,92.81329345703125,92.73917534237816,86.7742349243164,0.04670341699518427,0.027884228183587798,0.02232210872714105,68.77005767172159,2.3433342670728763,1
2020-08-03,105.476318359375,108.09053052398436,104.46452205826068,104.76224738585148,308151200,0.025197629667553345,95.03917585100446,93.56493486676898,87.34984603881836,0.03875551264149359,0.02807545721567768,0.022398518994339468,69.9194534610014,3.1136549581454602,1
2020-08-04,106.18071746826172,107.26997389606046,104.94380243901392,105.6651349105181,173071600,0.006678267878925448,97.39750344412667,94.31196957542782,87.92966949462891,0.03786887283575081,0.02777934325285089,0.02239850193807428,69.97984445712018,3.737890699630384,1
2020-08-05,106.56558227539062,106.8850992523654,105.43759589570148,105.90234853375506,121776800,0.003624620517787891,99.50720323835101,95.09070151192802,88.52764678955079,0.038735334946559195,0.02768357696601046,0.022319568800320287,73.28458872516018,4.215068707349587,1
2020-08-06,110.2835693359375,110.77736760867772,106.30899814130088,106.8971947883488,202428800,0.03488919199952112,102.36347307477679,95.94643002464657,89.19330307006835,0.034882459281975434,0.028109696132554554,0.022665059557690936,76.85663375654828,4.837482710166384,0
2020-08-07,107.77621459960938,110.26177241107231,106.98083639595372,109.80588355038324,198045600,-0.02273552398989198,104.6143057686942,96.66385759626117,89.80813461303711,0.04014523592992464,0.02893635584395826,0.023045278996030913,69.46436304632314,5.069984098533226,1
2020-08-10,109.34270477294922,110.35875275642206,106.69710077257368,109.21903076531764,212403600,0.014534655713780431,106.9298564365932,97.44815608433315,90.45579666137695,0.0400405101061456,0.028942018223885566,0.023040217779070636,73.74886731604471,5.3193278884485125,0
2020-08-11,106.09085845947266,109.10504953060088,105.83138875528,108.60794103965802,187902400,-0.0297399476282304,107.38799503871373,98.09800756545295,91.01949295043946,0.023706959146074267,0.029997922060007426,0.023614113107530848,66.79088879924699,5.194657044846139,1
2020-08-12,109.61669921875,109.87374158525866,106.9856448140767,107.17963653963834,165598000,0.03323416183519945,107.97947801862445,98.84290895007905,91.64649291992187,0.025026566880927522,0.030480748513746426,0.023913386390709328,78.41608290596524,5.319045737409468,1
2020-08-13,111.55665588378906,112.55815472074356,110.50665541102484,110.99406946976316,210082000,0.017697638032027507,108.74746922084263,99.64941224597749,92.30367462158203,0.025435443815706612,0.03055594278454247,0.023959585694007423,80.04537166301034,5.510639737769509,0
2020-08-14,111.4572296142578,111.54695097773372,109.65065103503774,111.38205726105852,165565200,-0.0008912625494514881,109.44627598353794,100.50662485758464,92.97242309570312,0.025602630580180117,0.03027121865919501,0.023879823722738967,78.580897590781,5.5900182437554236,0
2020-08-17,111.16624450683594,112.60180865121056,110.54061480830164,112.57755783182,119561600,-0.0026107333586966597,109.57237243652344,101.35897173200335,93.5909098815918,0.02245398238711675,0.030282089889080797,0.023724867520674025,81.46355328847255,5.565292982112382,1
2020-08-18,112.09258270263672,112.51694618501556,110.58427334354064,110.91891544512356,105633600,0.008332908968097907,110.18899645124164,102.16183326357887,94.21843551635742,0.019813707011302386,0.03015162602091506,0.02372546441885367,81.0029585289797,5.556395120580007,1
2020-08-19,112.23322296142578,113.64453639963617,112.13865437862,112.4999671955,145538000,0.001254679439068207,110.60192762102399,103.0339816865467,94.79779632568359,0.019470097235097142,0.029778688831829325,0.02346687849390193,80.41437238016397,5.497322285373073,1
2020-08-20,114.72364807128906,114.83762028422797,112.25748652761663,112.27446284451048,126907200,0.0221897317402997,111.83518327985492,104.01215725853329,95.38412139892579,0.013493636310618071,0.029879686641957053,0.023412232437022843,74.52414627940752,5.587058992645936,1
2020-08-21,120.63562774658205,121.1181872782855,115.6693599025852,115.6814816133098,338054800,0.051532354267703306,113.40931592668805,105.47598993210565,96.17069519042968,0.01906835148899633,0.028354024161077858,0.022937350405167044,77.60400328420457,6.065306256001094,1
2020-08-24,122.0784683227539,124.91807177754512,120.21612051624736,124.83319019483912,345937600,0.01196031888027993,114.91243198939732,107.01913488478888,96.97208679199218,0.019002572793774743,0.028096325648196536,0.022943535872013244,78.19052479088617,6.485979499680511,0
2020-08-25,121.07693481445312,121.42127865068156,119.35765773569334,120.95326822987052,211495600,-0.00820401436928997,116.28667558942523,108.41338493710472,97.73316284179687,0.020071517261417062,0.028471562184735733,0.023052203855861344,75.18139033887597,6.661758091648309,1
2020-08-26,122.72348022460938,123.17936898693924,121.32671591454528,122.39126546065717,163022400,0.013599166618146752,117.93770926339286,109.95785159156436,98.48316345214843,0.01900277587619309,0.0276274457521277,0.022910679481839464,73.2589495354555,6.854907242385991,0
2020-08-27,121.25640106201172,123.65708422717836,120.11425182681508,123.32486945527224,155552400,-0.01195434777365012,119.246826171875,111.35004279727028,99.20619522094727,0.021466241799012385,0.02822498936938682,0.02304331683394709,76.22407721674435,6.811084367544339,0
2020-08-28,121.05998992919922,122.64589153107448,120.8368927318248,122.22880256231409,187630000,-0.0016198001185278033,120.50779288155692,112.6798589797247,99.92462066650391,0.021720493855739126,0.02841930661005633,0.0230575222811969,74.07808294431499,6.683462886717052,1
2020-08-31,125.1653823852539,127.06653708598974,122.2166692582802,123.74922926791106,225702700,0.03391205020300836,121.99946921212333,113.74088251023065,100.73488449096679,0.023126877004722383,0.019919963992248935,0.02328033259289626,87.86822574293417,6.834805422315796,1
2020-09-01,130.15106201171875,130.75245576113278,126.61066398001222,128.7737011544299,151948100,0.03983273594865966,123.35881696428571,114.9158703031994,101.60056610107422,0.02007852355672619,0.020733587904642903,0.023575040619251076,88.53290131495308,7.273207146365394,0
2020-09-02,127.45450592041016,133.83693302305636,123.18662864355862,133.45864396806553,200119000,-0.02071866375601139,124.12682233537946,115.92890784853981,102.37523345947265,0.023368022516011472,0.02180468759480817,0.02385202182648902,79.00873507251477,7.318688841440988,0
2020-09-03,117.25039672851562,124.97138507910604,116.88180945410002,123.0993432850938,257599600,-0.08006079595386417,123.58017403738839,116.43770853678386,102.9771403503418,0.04041847400211852,0.029215848765393546,0.02666453531839743,57.7228809935774,6.456915774224399,1
2020-09-04,117.3280029296875,119.98572845730746,107.56036930998825,116.46472703859588,332607200,0.0006618843375989503,122.80939156668526,116.77315775553386,103.55745895385742,0.03977786435298816,0.02840699063255705,0.02665681869820847,58.26124990435929,5.7143451675330965,0
2020-09-08,109.43242645263672,115.41716207276087,109.29663073421304,110.52849400857392,231366600,-0.06729490215377187,121.12025233677456,116.8520249866304,104.03413482666015,0.04620648027382009,0.03190159440744547,0.028146304808319846,46.995014097937144,4.437591780445743,1
2020-09-09,113.79729461669922,115.56264615107492,111.79915150644727,113.73909857280783,176940500,0.03988642402945941,120.08272443498883,117.06414831252326,104.55865341186524,0.05046852701819154,0.03289481288769751,0.028461834405098384,51.61289053624444,3.7349101850695234,0
2020-09-10,110.08230590820312,116.88182317054356,109.122034080383,116.74602745349068,182274400,-0.032645668080328316,117.92799922398159,117.25421723865327,104.99425155639648,0.047508889879252156,0.03304266997767998,0.028968417484077903,45.33169054268876,2.8454607169594652,0
2020-09-11,108.63703918457033,111.77005705290505,106.6970920562744,111.1298709484181,180860300,-0.013128964838708956,114.8545673915318,117.20756676083519,105.40428497314453,0.0406337818462632,0.032414674267106015,0.02906505198927884,36.74026576480945,2.0008797629428727,1
2020-09-14,111.89614868164062,112.4490333059739,109.41301877590674,111.27536620520716,140150100,0.02999998454977404,112.63194492885044,117.22373308454242,105.87950057983399,0.04568221017203333,0.032857099673187215,0.02927694553888864,39.18172189840934,1.5763549324916966,1
2020-09-15,112.07074737548828,115.2619613147954,110.1986980858738,114.77697452888816,184642000,0.0015603637471421905,111.89199502127511,117.25294821602958,106.31105575561523,0.03656233750844339,0.032855636952871387,0.02911490230349658,40.260166948434424,1.2397139505079053,0
2020-09-16,108.76313018798828,112.51693044540818,108.67583612168843,111.77005407703663,154679000,-0.029513653339153456,110.66844177246094,117.13851420084636,106.68207412719727,0.03743486959143613,0.0335125865485363,0.02949643933678505,35.426045470655936,0.6979805969535704,0
2020-09-17,107.02688598632812,108.83103751673956,105.44583164529509,106.42550707639862,178011000,-0.015963536528042166,110.32479313441685,116.8972905476888,106.97634643554687,0.02828817755063729,0.03361179015007565,0.02949959622273116,35.228066729447605,0.12708762754689928,0
2020-09-18,103.6319808959961,107.5506753180143,102.9045006607274,107.08509211161685,287104900,-0.03172011461461843,108.8726054600307,116.48770759219215,107.19478134155274,0.022652717113430035,0.034233640163816366,0.029913757369740515,33.03431217310032,-0.5924601206762361,1
2020-09-21,106.7747039794922,106.88140167582652,100.0042844680874,101.40104892896449,195713800,0.03032580344720137,108.40009089878627,116.10918644496373,107.47282669067383,0.02585525469157634,0.03457991503520053,0.030167785324359098,31.755224674989094,-0.8987551176584674,1
2020-09-22,108.45277404785156,109.47124955280064,105.88234925973728,109.29665396338974,183055400,0.01571598895447801,108.37376730782645,115.529050554548,107.79300262451171,0.02646101837742134,0.03259032946346915,0.03019678725085107,26.96192806968486,-0.9946244674744804,0
2020-09-23,103.903564453125,108.7437301678862,103.56406780634411,108.26844522282776,150718700,-0.04194645673811315,107.23196956089565,114.66357894170852,107.9915985107422,0.026862213009139473,0.033339948385973386,0.03081348552216481,25.94136989589738,-1.4213009403572414,1
2020-09-24,104.97056579589844,106.93961142539536,101.847248976567,102.012142746454,167743300,0.010269150518458003,106.21765790666852,113.89660898844402,108.19860809326173,0.027687748583219953,0.03355262425740659,0.030827105188700483,34.5760936936412,-1.6542775462936419,1
2020-09-25,108.90863037109376,109.06382969318264,104.43705165768294,105.17423363698332,149981400,0.03751589357775198,106.23844364711216,113.23875899541946,108.50766540527344,0.030815401218392883,0.034647351980085644,0.03114096767990856,40.35984516266098,-1.5038093079513715,1
2020-09-28,111.5081787109375,111.85736984450416,109.39363569114488,111.55668035738763,137672400,0.023869075673673246,106.87862832205636,112.77455793108258,108.87248977661133,0.03092466021598028,0.035170418604941245,0.03126164441812723,52.70475947719098,-1.1614122814797128,0
2020-09-29,110.66427612304688,111.8476450098202,110.1598931452358,111.11047045765872,99382200,-0.007568077944114515,107.88324192592076,112.27952394031342,109.18112548828125,0.02708615317601203,0.03517945181419162,0.031205824815238387,45.505156169310006,-0.9472368998709157,1
2020-09-30,112.3326416015625,113.73910777869786,110.2084044241761,110.37329816208845,142675200,0.015075917332713518,108.67723301478794,111.66844104585194,109.54941619873047,0.025734018203090427,0.034405003463618994,0.03114654732966076,53.42990598562528,-0.6355519684169622,1
2020-10-01,113.28321075439452,114.18528644364022,112.35203704296524,114.10768678427674,116120400,0.008462092044480007,109.36729540143695,110.8652100335984,109.93144119262695,0.025495877395304005,0.033034694381947796,0.03115216785704307,57.19000587259234,-0.3082827367850314,0
2020-10-02,109.6264190673828,111.90586307346008,108.8504445847348,109.50032515653432,144712000,-0.03228008513053082,110.18484606061664,110.01625351678757,110.32606674194336,0.022521232728725717,0.03338571400591165,0.030775244696149933,46.5302730174488,-0.34007190370928697,1
2020-10-05,113.0019302368164,113.14742776439395,110.14051092914184,110.4897020352033,106243800,0.030791037399103827,111.33218383789062,109.81394558861142,110.79265686035156,0.02415643631604326,0.029757744403419852,0.030981594194223232,51.29660421680015,-0.09183093660156771,0
2020-10-06,109.76223754882812,112.63335907710524,108.87955784841913,112.22596446136347,161498200,-0.028669357073803137,111.45412772042411,109.45367104666573,111.15194793701171,0.024914972254515697,0.030342196858386607,0.031224383654734116,51.393820676888836,-0.15473066754925924,1
2020-10-07,111.62457275390624,112.08046156708008,110.7030933186814,111.17838574960965,96849000,0.01696699381014022,111.47075544084821,109.55805896577381,111.5786457824707,0.023996409456505177,0.026733551632320406,0.031134295103277605,56.39159005104972,-0.05368541854137732,0
2020-10-08,111.51787567138672,112.90493833599004,111.14928093514196,112.75944080327828,83477200,-0.000955856581460357,111.5926982334682,109.44951520647321,111.96859558105469,0.023759590122070618,0.02522820196836679,0.031073790881490905,62.065882928646914,0.017581438554870488,1
2020-10-09,113.45781707763672,113.48691510258756,111.46936816913345,111.81855926916631,100506900,0.017395788743021612,111.75343758719308,109.6102538335891,112.3750749206543,0.023998075321665775,0.024405766815999607,0.031109844348659054,60.616305622744704,0.22797009759263176,1
2020-10-12,120.66473388671876,121.42131221454332,115.69846570876324,116.4550440365878,240226800,0.06352067221732738,112.80794089181083,110.18300120035808,112.7306918334961,0.03366855777135153,0.02759645996719628,0.02886606790647438,66.50062058528823,0.9651173098413892,0
2020-10-13,117.46381378173828,121.62500184957032,116.05735487456656,121.50860234126792,262330500,-0.02652738709874869,113.92756870814732,110.44812810988654,112.97044174194336,0.032528596907115986,0.027830180938362304,0.02900298555881004,69.01524477071648,1.276311757674975,1
2020-10-14,117.55110168457033,119.33584953717632,116.02824344500344,117.36680433445795,150712000,0.0007431046210897296,114.57745034354073,110.70909736269996,113.19784942626953,0.03134418796964803,0.027832399320401078,0.02899797675746415,68.13983512881057,1.5125433457172335,0
2020-10-15,117.08552551269533,117.56081055796656,114.6023951860236,115.15527990408135,112559200,-0.003960627890364665,115.6236343383789,111.10540190197173,113.40824829101562,0.02799236562815554,0.026899166968599796,0.02901155567543674,63.102295415769966,1.6432481335128273,0
2020-10-16,115.44625091552734,117.90029026113083,115.24255735409358,117.63839325335096,115393800,-0.014000659688632844,116.16958836146763,111.5063240414574,113.51150192260742,0.029060285609063177,0.026830160977793324,0.02871312669531344,56.51054851362713,1.5961573511453935,0
2020-10-19,112.4975357055664,116.80421323996534,112.18714446524658,116.358026294525,120639300,-0.02554188799182855,116.30953979492188,111.9284933181036,113.60592834472656,0.0313222969614335,0.026450618715391325,0.028763812466808574,52.83360003962269,1.305847891217951,1
2020-10-20,113.98161315917967,115.4074757022461,112.15805784138064,112.71094256212962,124423700,0.013192088558254822,116.38436780657086,112.2716794695173,113.69870651245117,0.031009079615563758,0.025863738154054645,0.028751797837162328,52.563356294356495,1.1819039472186716,0
2020-10-21,113.3608169555664,115.14556482205543,112.95342242055368,113.16681779596242,89946000,-0.005446459182379737,115.34095110212054,112.5053957984561,113.84410568237304,0.01432355872945076,0.025773294579379043,0.028420958935896346,50.121889960638626,1.0218056734584167,0
2020-10-22,112.2744369506836,114.49567723930028,111.14926409518417,113.92338900408984,101988000,-0.009583381930889145,114.599611554827,112.90400877453033,113.89726043701172,0.01208334693466502,0.023885996323226206,0.028095399476101398,54.52434192705545,0.7980652514794428,0
2020-10-23,111.58577728271484,113.05043966735408,110.84859518576692,112.89524032049675,82572600,-0.0061337174041784515,113.74742235456195,113.2190188453311,113.89784286499024,0.011681409929946448,0.023937680367230534,0.028006087259575926,47.33578180331709,0.5587394744046179,1
2020-10-26,111.59546661376952,113.05042702646372,109.49061825916864,110.58669317293084,111850700,8.68330291783348e-05,112.96312822614398,113.34696342831566,113.90060760498046,0.011973852716836845,0.022610238101731836,0.02800551384388796,53.92600352986577,0.3656390603770916,1
2020-10-27,113.09893035888672,113.75851276167866,111.10078693291936,112.02225897491292,92276800,0.013472444631829728,112.62779671805245,113.42271350678944,113.93926132202148,0.013602575755287909,0.022203862848958086,0.0280623918197234,53.20674314293919,0.33011716511840916,0
2020-10-28,107.8610610961914,111.96405267029792,107.7640652164908,111.59546536731106,143937800,-0.04631227940064908,111.96544320242745,113.28922707693917,113.85463088989258,0.020093839268031544,0.024440289034938792,0.02881441415552142,43.49774044900166,-0.11931112323509296,1
2020-10-29,111.85735321044922,113.41901126991604,108.83103296967955,108.99593410290058,146129200,0.03705036899918768,111.66197749546596,113.26659429640998,113.84711349487304,0.025224196857745892,0.02560297360765816,0.02929598935267585,47.34811077417225,-0.1512750993178713,0
2020-10-30,105.5913314819336,108.6273463236584,104.48556211975593,107.72527053869118,190272600,-0.05601796885651933,110.5520509992327,112.90031433105469,113.66446716308593,0.032447023423468446,0.02827773381100454,0.030180949454050834,24.220300514654227,-0.6744477529473016,0
2020-11-02,105.50402069091795,107.35667373960923,104.09756199136386,105.8338155489353,122866900,-0.0008268746097834789,109.58484867640904,112.70400964646112,113.36183502197265,0.03261764437420008,0.027468644369657347,0.02920631356860911,27.107301682990695,-1.0836198067499794,1
2020-11-03,107.12388610839844,108.14235394209176,105.46523215040254,106.36730788899447,107624400,0.015353589435477488,108.9474356515067,112.42410278320312,113.06274337768555,0.03385231202481791,0.02675967556352814,0.029243936369434998,31.14699734927153,-1.262627225209485,1
2020-11-04,111.49848175048828,112.1192643704232,108.97655143196364,110.71280536595152,138235500,0.040836790010242874,108.93358067103794,112.50678107852028,112.87117431640625,0.03816483982805761,0.027607113794303743,0.02985403184294793,41.14938094433513,-1.039515695856224,1
2020-11-05,115.4559555053711,116.02824377297978,113.3608163942021,114.408382249631,126387100,0.035493521461026356,109.27029854910714,112.68922787620907,112.72582382202148,0.04026156984152382,0.02842313298042153,0.03023377222895152,50.01432149228148,-0.537170970806983,0
2020-11-06,115.32479858398438,115.82033327578648,112.83737692583377,114.96528648231298,114457900,-0.0011359909570071158,110.33654676164899,112.8705099196661,112.60719177246094,0.034060566796034,0.028424094354053804,0.03019076385378587,54.550757385041415,-0.14793709766468055,0
2020-11-09,113.02200317382812,118.53124107554255,112.75966168887598,117.08348880826458,154515300,-0.019967911831896723,110.50292532784599,112.84975687662761,112.44643203735352,0.03335396050537869,0.028580103342958168,0.03031526390122894,48.49507739622476,-0.024994670256091922,0
2020-11-10,112.6819076538086,114.25597110360664,110.89407325748324,112.2738176789038,138023400,-0.003009108938694549,111.51586478097099,112.46962229410808,112.19676254272461,0.02212283076457336,0.024624238352267524,0.029896309795904682,48.9258331655438,0.04448245697420816,1
2020-11-11,116.10213470458984,116.23816473460168,113.13861486438256,113.867350345052,112295000,0.030352938834592447,113.02988106863839,112.40478043329148,111.91578399658204,0.022816886254899225,0.02502772084840038,0.029656921825835805,55.639663345020985,0.3712478062115707,0
2020-11-12,115.83003997802734,117.1126137436234,115.20818648034916,116.22841881317537,103162300,-0.002343580738242368,114.27361733572823,112.3228251139323,111.68329467773438,0.02360725757607255,0.025030629658364528,0.029531877666611084,56.3311388274583,0.6013242377548096,1
2020-11-13,115.8786392211914,116.27701069114,114.52805029862242,116.0535360017511,81581900,0.0004195737407435285,114.89935411725726,112.2653543381464,111.6558595275879,0.01987218862269653,0.025017739599627407,0.027267923654041175,56.381772314900374,0.7786077150538517,1
2020-11-16,116.88916015625,117.559591677798,114.80011721095168,115.54828228699444,91183000,0.00872051088837611,115.10409763881138,112.33406430199032,111.64708267211914,0.015208555552477517,0.024881700566815563,0.027294931438911076,55.73149725938735,0.989243360577106,0
2020-11-17,116.00494384765624,117.24865091924096,115.5871353083196,116.16041093814378,74271000,-0.00756457063607785,115.20126124790737,112.50108373732795,111.77853302001954,0.015608618965162843,0.024227544279239146,0.025526326902976286,64.18238205717776,1.0724620854658866,0
2020-11-18,114.68348693847656,116.42273584755772,114.65433871642078,115.2470439418146,76322100,-0.011391384413021899,115.43861607142857,112.53450629824684,111.79625686645508,0.013941065328578384,0.024240677792171032,0.024976212062642587,55.42726804149389,1.0200247850257682,1
2020-11-19,115.27621459960938,115.68430461397098,113.49809857736044,114.25598215062608,74113000,0.005168378438395349,115.80923134940011,112.62571570986793,111.9001350402832,0.013776471546709726,0.024219523922244853,0.024521660529969853,73.78043091946643,1.0146003341727265,0
2020-11-20,114.01305389404295,115.40250938194856,113.96447599254086,115.2761979423492,73604300,-0.010957687238028924,115.5107912336077,112.70850699288505,112.00765533447266,0.007847107395412622,0.024251611796249375,0.02449764754279728,69.75263162741862,0.8980230547506949,0
2020-11-23,110.62203216552734,114.2851462584726,110.52486892820644,113.85761911856476,127959300,-0.02974239889817376,114.76679011753627,112.66261436825707,111.9821730041504,0.01291530889480143,0.02513079584898512,0.024524219383137605,57.50348491984603,0.5259448426182161,1
2020-11-24,111.90460205078124,112.56532241854126,109.39775058959653,110.68033196208322,113874200,0.011594163116934508,114.19907052176339,112.67733510335286,111.97885009765625,0.01450301140900157,0.025260429835530604,0.024577694478728315,51.00434749959337,0.33075016763304177,1
2020-11-25,112.74020385742188,113.43979090606146,111.90458681744444,112.27381743371453,76499200,0.007467090640842944,113.60636247907367,112.66025288899739,112.05839157104492,0.014313581554146554,0.025139189723323067,0.02421702443882232,42.05746151329926,0.2407083280161828,1
2020-11-27,113.28433227539062,114.158816151439,112.92482759135008,113.26490259506916,46691300,0.004826391999937174,113.21770368303571,112.9185038975307,112.18354049682617,0.014712967952733118,0.02277936544585491,0.024097904661104615,44.1731649417334,0.2108258678920265,1
2020-11-30,115.6745834350586,117.54014397849063,113.49808872130924,113.65355580646788,169410200,0.02109957406870122,113.35928889683315,113.10027676536923,112.42439254760743,0.01671969446021448,0.02181841426909833,0.02377092523876196,57.53716456291127,0.37568641622534926,1
2020-12-01,119.24051666259766,119.96925188593028,116.60735427852516,117.57900124296866,127728200,0.030827283934339977,113.92561776297433,113.75023796444847,112.67370880126953,0.020155746644512883,0.01824366466166531,0.023783017487752064,65.7488436375148,0.7850312467035678,1
2020-12-02,119.59031677246094,119.87209529729247,117.46240743053764,118.5603658923336,89004200,0.0029335675461141797,114.72236960274833,114.42101396833148,112.89645965576172,0.018969828121932913,0.018192070607420834,0.02370650344157162,59.824712126219644,1.1247010657088907,0
2020-12-03,119.4542999267578,120.27047995352808,118.74499426371094,120.01784962535092,78967600,-0.001137356680490531,115.98412214006696,115.0081765311105,113.20747436523438,0.011242775284804376,0.01813037819957449,0.02284115126094693,60.28683847524752,1.3671566904494625,0
2020-12-04,118.78385925292967,119.3765645833526,118.07455360054388,119.12393425897255,78260400,-0.005612528592434107,116.9668731689453,115.35509926932198,113.483740234375,0.012875879894467613,0.016329353161958347,0.02284911722575754,57.96481111881294,1.4880522208616327,1
2020-12-07,120.2413330078125,121.038083362331,118.7838623046875,118.84215876062711,86712000,0.01226996465722996,118.03846304757253,115.58297438848587,113.71039428710938,0.012931482988296687,0.01473787819618022,0.022337979079993048,58.9703207850868,1.6820787938434592,1
2020-12-08,120.85345458984376,121.43644873670094,119.60002903502644,120.84374345698704,82225500,0.005090775083069765,119.11976623535156,115.84624372209821,113.8972998046875,0.012916564682942463,0.014733446231609154,0.022123500223483947,63.1662101856725,1.863755137693886,0
2020-12-09,118.32717895507812,122.37894545635208,117.5692954268489,120.9992083965974,115089200,-0.02090362781386257,119.49870845249721,116.09887114025298,114.05055786132813,0.015950299474545532,0.014805508745245177,0.022318884409959203,59.28682989357942,1.7833285172797986,1
2020-12-10,119.74576568603516,120.35790799685957,116.74338022789216,117.08345517108472,81312200,0.011988680398571594,119.57088688441685,116.43524533226376,114.19882034301757,0.011514456810094397,0.014898504683298848,0.02228504165508489,60.93153527358084,1.8131569895983262,0
2020-12-11,118.93932342529295,119.27939842297664,117.13205925122674,118.95875310526962,86939800,-0.006734620269218006,119.47788783482142,116.57034955705915,114.31194259643554,0.01177341891321668,0.013639579495248026,0.022292087012615487,62.32389151091041,1.7515325412462488,0
2020-12-14,118.32717895507812,119.85266455789508,118.09398573402578,119.12392925566252,79184500,-0.0051466954122983966,119.3168705531529,116.68926093691871,114.48595779418946,0.011894024252907618,0.01369001537461915,0.021784462737643638,72.38854707622698,1.6344587559817967,1
2020-12-15,124.25422668457033,124.27366377761383,120.61055011219938,120.81459511068267,157243700,0.05009033243108374,120.09835161481585,117.08809843517486,114.71100372314453,0.022461411702593203,0.017363598032508434,0.02246953455473669,78.25708220737229,1.9969208940277525,0
2020-12-16,124.18621063232422,124.73033062366706,122.9716517851633,123.79755773169585,98208600,-0.0005473942743112747,120.66190556117466,117.43557702927362,114.99948318481445,0.022450772651089596,0.017341260212854284,0.022030094552336222,77.1429481211356,2.2527184864027845,1
2020-12-17,125.05097198486328,125.9060261306018,124.4096813755594,125.24529842903368,94359800,0.006963424909544491,121.26155090332031,117.86634027390252,115.26801116943359,0.02246549574003885,0.017186592312676385,0.021943220019415066,77.4853268616003,2.496441511555531,0
2020-12-18,123.0688247680664,125.43964605507789,122.5441344465272,125.30361605465058,192541500,-0.01585071419546269,121.93892887660435,118.26564207531158,115.4990301513672,0.02155331667531214,0.017408765179160686,0.022091821640778875,67.60767779034971,2.5008231178246803,1
2020-12-21,124.59429931640624,124.67203286094654,119.94982751976666,121.47531311924553,121251600,0.012395296300380831,122.63157653808594,118.70936039515904,115.72175979614258,0.021573241020189288,0.017514321870574615,0.02203291821953608,64.12104645270907,2.5974468688395973,1
2020-12-22,128.14083862304688,130.5991048748753,125.97405467288996,127.87848972538272,168904800,0.028464699637936297,123.94607870919364,119.38211204892113,115.87128189086914,0.02223463013726861,0.0179546662776513,0.02054652797685916,69.29836463934652,2.926463520234691,0
2020-12-23,127.24696350097656,128.67527169014238,127.07205924085233,128.41293753920243,88223700,-0.006975723989912641,125.22033364432198,120.17377544584728,116.0669448852539,0.022464326770822184,0.016318471703083082,0.02018688431836417,67.00612313671895,3.079583809792368,1
2020-12-24,128.22824096679688,129.6760001670091,127.38291291879534,127.59667642019996,54930100,0.007711598287473365,125.78804997035435,120.95109158470517,116.28048767089844,0.014284507365353591,0.01628356755656057,0.020203479049249122,70.33482731000747,3.242733420710195,1
2020-12-28,132.81443786621094,133.44600251933943,129.72459253226933,130.19099379190865,124486200,0.035765887957564635,127.0206538609096,121.9070074898856,116.59506591796875,0.01817105434390506,0.01748311073156396,0.02074068159988444,73.85706336030402,3.6994534278417035,0
2020-12-29,131.04603576660156,134.85489050709643,130.53106400488656,134.13588116304936,121047300,-0.013314833296894646,127.87709154401507,122.75280289422898,116.90706161499024,0.020198603046758,0.018084427786463242,0.020729611665585745,68.5271238706592,3.8740543664762868,0
2020-12-30,129.92861938476562,132.13426190963798,129.6176852728213,131.73588313851724,96452100,-0.008526899538007449,128.85706220354353,123.4315665108817,117.25568328857422,0.018977399696686017,0.01809437641244111,0.020392632403087637,72.22640582794465,3.8775625772090336,0
2020-12-31,128.92787170410156,130.91975146585497,127.9853727167279,130.27846074381847,99116600,-0.007702288267225299,129.47614397321428,123.8928691319057,117.55460845947266,0.01969617342088416,0.017357802071203215,0.020395459221555907,67.87759213997175,3.756290704229187,0
2021-01-04,125.74085235595705,129.82176713240116,123.16598610776016,129.7343224533574,143301900,-0.024719397799871756,129.13328879220145,124.18575177873883,117.80220916748047,0.019419177911214752,0.01844695281206814,0.02073136282960504,62.11915650268356,3.3642352351852622,1
2021-01-05,127.2954559326172,128.00476884946957,124.78860513373438,125.23556923440636,97664900,0.012363552079790674,129.14021628243583,124.55914015997024,118.10262954711914,0.020048009163192656,0.01854697675726983,0.020707257771627612,65.4606673593666,3.1427443668623596,0
2021-01-06,123.0105209350586,127.33435496235823,122.7967573877346,124.0987683518539,155088000,-0.03366133508981506,128.39482770647322,124.76040976388114,118.33112442016602,0.023306902305148373,0.02015327773069738,0.021304904405762985,47.72726322144037,2.5915787082074075,1
2021-01-07,127.20804595947266,127.89792197499628,124.2348079857969,124.72063157172194,109578200,0.034123300938056156,127.59391457693917,125.09215799967448,118.64337600708008,0.02282326770498895,0.02125204198769792,0.02177541913564756,54.79794688313582,2.465065402568243,1
2021-01-08,128.30601501464844,128.8695721666665,126.53761000388556,128.67523086681507,105158200,0.008631286227960722,127.20248304094586,125.44704182942708,118.9475177001953,0.023143206013991117,0.021284320244003556,0.021737975719089322,55.13023235120469,2.4254406529496606,0
2021-01-11,125.32303619384766,126.47929859092636,124.85664974689551,125.527088604103,100384500,-0.02324893981361842,126.54454258510044,125.7801778884161,119.29675720214844,0.024387504415358825,0.021422095146368385,0.020904188944581795,53.444177476834355,2.1287968474244963,0
2021-01-12,125.14813995361328,126.0129052139805,123.26314235039196,124.85664288048967,91951100,-0.0013955633820094127,126.00458090645927,126.03743380591983,119.56257293701172,0.024382688833130897,0.021338850685864167,0.020333676236042854,50.88263194613824,1.8581719795165839,1
2021-01-13,127.17889404296876,127.72301407124304,124.84694682860504,125.10928088256377,88636800,0.016226802013263653,126.21001543317523,126.42979431152344,119.99432418823243,0.023474536761176248,0.021439816368796598,0.01858588631964,48.38916646608544,1.7869656772636233,0
2021-01-14,125.25502014160156,127.2857588427231,125.10926419379749,127.09143240514112,90221800,-0.015127304855451884,125.91852460588727,126.7596915108817,120.38934417724609,0.023723242238706515,0.02174743696782605,0.01876916266275284,46.77560063527662,1.5573415602639074,0
2021-01-15,123.5352020263672,126.52787663913662,123.39917203606664,125.1287025525268,111598500,-0.01373053242329203,125.99347904750279,126.72545224144345,120.71757049560547,0.020239165731518547,0.019130296307672743,0.018848272319013388,42.58067675455781,1.2224956752424276,1
2021-01-19,124.20564270019533,125.06069683837404,123.340877429049,124.15705738304294,90757300,0.005427122494890302,125.56456429617745,126.72637757800874,120.97171371459962,0.014434221606683988,0.01916774014174442,0.01804685105361262,34.46703995885677,0.9997029054000137,1
2021-01-20,128.2865447998047,128.7335089174472,124.90521758681017,125.01209934367104,104319500,0.03285601210131617,125.56178283691406,126.88045247395833,121.22832550048828,0.01971445717433069,0.020417798426995773,0.017951508234968393,45.404506402323584,1.1392995876244925,1
2021-01-21,132.98931884765625,135.70993338633443,129.80231790485385,130.00637029637122,120150900,0.03665835770376691,126.65696607317243,127.3528569539388,121.58161590576172,0.020838013227510766,0.021389762434263267,0.018589674079967155,54.553360437479995,1.610836803012191,1
2021-01-22,135.12696838378906,135.88485193048166,131.19179469063414,132.4160646907934,114459400,0.016073843784263353,128.08251299176897,127.85441262381417,122.02371520996094,0.020469971650199238,0.021477563052384963,0.01837757213006753,58.92055457698157,2.1324424270329416,1
2021-01-25,138.86781311035156,140.97628571065687,132.6686993609781,139.0135690829673,157611700,0.02768392402571873,129.75235857282365,128.36522093273345,122.5474333190918,0.021377046119174892,0.021433890512436334,0.01865789693576442,68.59344731616866,2.8152214277204877,1
2021-01-26,139.1009979248047,140.20867499016745,137.36174136904043,139.52852500725305,98390600,0.0016791854730788813,131.73035539899553,128.92969876243956,123.0074105834961,0.01845759250763182,0.02129397054676705,0.01827940026598853,67.37205285748541,3.336681582372563,0
2021-01-27,138.03219604492188,140.20869106595407,136.42898412808006,139.36334793740457,140843800,-0.007683639196180203,133.80135454450334,129.3965537661598,123.45145370483398,0.01695646232962696,0.021441127755729122,0.018331456875675257,74.41563198846454,3.621947575429857,0
2021-01-28,133.2030792236328,137.96415826033868,132.8241374993332,135.564189064389,142621100,-0.03498543788811015,135.08670261928015,129.4150604974656,123.79794250488281,0.02577974221197225,0.021712881235015934,0.01912641583542476,59.54805431513715,3.4189421246975087,0
2021-01-29,128.21853637695312,132.86300755142042,126.51815423658084,131.97880528014946,177523800,-0.03742062777926636,135.07698713030135,129.28041766938708,124.02453002929687,0.029023470040661397,0.023067122048538752,0.019939097682491767,49.87602437214227,2.823302617127098,1
2021-02-01,130.3367462158203,131.5415940017464,127.21775238608966,129.95780442586786,106239800,0.016520308987460375,134.6980481828962,129.2998522803897,124.31116607666016,0.025615300056108566,0.023293227958024833,0.019993037102275995,57.28402161053029,2.4934331027051826,1
2021-02-02,131.16265869140625,132.44522526454475,130.79342801715512,131.88166811874655,83305400,0.0063367584320259684,134.1317182268415,129.40627070835657,124.64074951171875,0.024680148342621642,0.023250243509696403,0.019898127369959873,58.57579576870769,2.2724578902822543,0
2021-02-03,130.14242553710938,131.92054165395052,129.82178018887643,131.91081569341782,89880900,-0.0077783811678995285,132.88523428780692,129.6158694312686,124.93807373046874,0.020358175367918965,0.022595119574149534,0.019951936236947288,54.35092929207844,1.9920460860151934,1
2021-02-04,133.49461364746094,133.50432478243863,130.7739984115147,132.43552171463995,84183100,0.025757842582976087,132.0843222481864,129.91106741768974,125.3277049255371,0.024153161863488808,0.023089396110226718,0.020116858138134873,61.61009150641578,2.0170598654235903,0
2021-02-05,133.08103942871094,133.7232884555335,132.20525610000038,133.6551792335879,75693800,-0.0030980592208925684,131.37701416015625,130.39061591738746,125.77688507080079,0.024149655822183737,0.02161056376526307,0.019567558240543438,63.96473257455419,1.9806794430606658,1
2021-02-08,133.22702026367188,133.27567819524438,131.29054743428753,132.37068818260687,71297200,0.0010969318814131324,131.38043430873327,130.67723374139695,126.2033334350586,0.02019844654837682,0.020479075690495337,0.01953951060150399,63.40316194243321,1.9412496124534186,0
2021-02-09,132.35121154785156,134.1709170758531,132.1955269668042,132.9448026300194,76774200,-0.006573806980648356,131.97081647600447,130.86986214773995,126.59555358886719,0.012532449493087145,0.020516648747297604,0.019584824657252423,56.67458784641798,1.818369709576558,0
2021-02-10,131.7478790283203,133.3048434386966,130.78450562896475,132.80855342312873,73046600,-0.0045585719426007865,132.17240687779017,131.1758070446196,126.96482452392578,0.011697978431143946,0.01977308747156297,0.01961582052430567,47.64427133370743,1.6532450295870547,0
2021-02-11,131.49488830566406,132.72098784651604,130.17147291387968,132.24416393424983,64280000,-0.0019202641023303713,132.21986825125558,131.47803315662202,127.2812306213379,0.01155588608658694,0.019778679417826767,0.019456921946495054,42.576902926427664,1.4848518462541733,1
2021-02-12,131.7284393310547,131.88413877300763,130.09363973549668,130.73588879731562,60145100,0.0017761224668120246,132.44644165039062,131.6946781703404,127.53098907470704,0.010976144399667254,0.019528661631557746,0.019030506899684024,32.96696095862583,1.3546293274774825,0
2021-02-16,129.60704040527344,132.35117148769072,129.21779194968602,131.84517076789257,80576300,-0.016104335074143217,131.89107404436385,131.90191723051527,127.73132354736327,0.006023006958626398,0.019572262670203983,0.019204587321669672,29.22151305225981,1.067937361963601,0
2021-02-17,127.32025146484376,128.66313264506522,125.98711077615506,127.71922556162116,97918500,-0.017644017896551123,131.06810433523995,132.0821576799665,127.888642578125,0.00782129020645825,0.019745495319433298,0.019396849227586773,27.742458310981263,0.6487290135413559,0
2021-02-18,126.220703125,126.5028953583098,123.9825720066899,125.72441303259558,96856700,-0.008636083633147495,130.06720188685827,132.17811293829055,128.0373794555664,0.00712651801928084,0.019848265854140932,0.019424041492905567,32.8308368596134,0.22518324321114846,1
2021-02-19,126.37635803222656,127.1937724488316,125.33514985915804,126.73641474669596,87668800,0.0012331963249516686,129.2136513846261,132.08715166364397,128.1600799560547,0.007895325569012755,0.018457789370620238,0.019360592799050544,44.05947171029389,-0.09680388616578739,0
2021-02-22,122.61048126220705,126.23041094448013,122.22124015432108,124.56640502266376,103916400,-0.029798902489809098,127.90830884660993,131.5929213024321,128.19522048950196,0.011687055165735436,0.01742740776361489,0.019839532016326256,27.478175315366542,-0.648381648543392,0
2021-02-23,122.47423553466795,123.30136816472336,115.205185125388,120.43072920624994,158273000,-0.001111207835876038,126.61964416503906,130.99041021437873,128.27816162109374,0.011785665643529153,0.016845417172417047,0.019600163074048375,23.612549649861577,-1.0840091084600942,0
2021-02-24,121.97797393798828,122.18232386351376,118.94190941685854,121.5790071569596,111039900,-0.0040519672934737905,125.22672053745815,130.18613215855189,128.32280578613282,0.010990800638330918,0.015148586508326244,0.019545769895040907,24.388768240982245,-1.452547113446684,0
2021-02-25,117.7352523803711,123.05810538980376,117.29736077604736,121.32599026278942,148199500,-0.03478268592798661,123.53075081961495,129.16871570405505,128.29872436523436,0.014255057136210428,0.01626715665461819,0.020152349043472045,3.18000713538693,-2.063185194731034,1
2021-02-26,117.99798583984376,121.49140765726708,117.93959485190196,119.29220185674814,164560400,0.002231561526057302,122.1989985874721,128.21470569428942,128.2921405029297,0.015246700646782244,0.0164133977667747,0.02014094252706251,4.7840116076951205,-2.4971344674063545,1
2021-03-01,124.35232543945312,124.48855870917816,119.48683030882653,120.42100448300808,116307900,0.05385125478526365,121.93208748953683,127.79324122837612,128.29410247802736,0.028867090954315406,0.019983703351964758,0.020337350378868985,30.61214489389235,-2.301766955517536,0
2021-03-02,121.75415802001952,125.25731317881322,121.6471165286429,124.95565484356456,102260900,-0.020893597367414363,121.27177320207868,127.48541368756976,128.24546142578126,0.02968265291768213,0.018857357659381624,0.02055535123493263,28.469685466192487,-2.329731497262955,0
2021-03-03,118.77645111083984,122.3282636330786,118.56236816181614,121.45247312532506,112966300,-0.02445671636684521,120.72405460902623,126.93492344447544,128.11997100830078,0.02899764981766545,0.018933238550331993,0.02081090763406884,25.96458142779794,-2.562629264921,0
2021-03-04,116.89839935302734,120.2750546242128,115.42902496763868,118.47482266404644,178155000,-0.015811650712311165,119.92750658307757,126.25567299979073,127.9965625,0.029269961914364165,0.018931253198715706,0.02081033248363104,24.489732242266,-2.865711368240156,1
2021-03-05,118.15369415283205,118.65970985611862,114.407264000797,117.72553558561702,153766600,0.010738340360108456,119.38118089948382,125.68478102911087,127.86775039672851,0.029982211721121033,0.019238709455272555,0.020790172968348956,27.093515136206705,-2.9703737002779746,0
2021-03-08,113.22981262207033,117.74499188213018,113.08384627126932,117.67687524164398,154376600,-0.04167353010895003,118.737546648298,124.71979050409226,127.56952987670898,0.031241862665823815,0.01957494044267005,0.021135201889398988,24.75242843371616,-3.4113119605931246,1
2021-03-09,117.83255004882812,118.77645723226702,115.59442688495044,115.827968557669,129525800,0.04064951906368042,118.71391296386719,123.99367196219308,127.38124160766601,0.03579616471791438,0.022229067191107784,0.02197451529840105,36.34832533784153,-3.3507311224024647,0
2021-03-10,116.75242614746094,118.88350799775948,116.23667741969722,118.41642461584055,111943300,-0.00916660040811812,117.62821306501117,123.20916748046875,127.1517253112793,0.02692030630376931,0.022188530352940803,0.02196288695694385,36.3686550219415,-3.351246262705132,1
2021-03-11,118.67916870117188,119.89554261056912,117.99800228157228,119.24356797692992,103026500,0.016502805271707333,117.18892887660435,122.55811782110305,126.86901992797851,0.027784519681098258,0.022725374705483747,0.02145649202736717,39.45616068076796,-3.159758761361857,0
2021-03-12,117.77417755126952,117.91041082516712,115.9544870681418,117.1611278187304,88105100,-0.007625526533481919,117.04574693952289,121.89270346505302,126.60358276367188,0.026340961554284347,0.022732690855014975,0.02141042516338205,42.81167687472413,-3.0459173205710215,1
2021-03-15,120.65454864501952,120.6642817142442,117.18058534747088,118.14395874848536,92403800,0.024456728576993214,117.58233969552177,121.37649681454613,126.41810134887696,0.026935205682526782,0.023627149862272705,0.021708425812690522,47.49933947585836,-2.692240807395052,1
2021-03-16,122.1920394897461,123.79765430298438,121.36490683570096,122.31853968534864,115227900,0.012742916549711492,118.15924617222377,120.92238253638858,126.28338470458985,0.02701888987672234,0.023877010154892346,0.021776850702646306,50.28599001593341,-2.261814174901289,0
2021-03-17,121.4038314819336,122.47423888090718,119.0489262952044,120.7129320932856,111932600,-0.006450567574646682,119.32696315220424,120.53175354003906,126.19664428710938,0.018914999486668693,0.023710562961914733,0.021519776331122925,55.3996001460711,-1.9616866637427535,0
2021-03-18,117.28762817382812,119.8663421601818,117.08327826271947,119.57440947336566,121229700,-0.033905052730712315,119.24911717006138,120.05400957380023,125.9964877319336,0.019851523841763714,0.024471427346758324,0.021946977466373568,49.060977370994806,-2.032546721872052,0
2021-03-19,116.76213836669922,118.163403199646,116.46048007455592,116.67456302671786,185549500,-0.004480351553789563,119.25050462995257,119.60360172816685,125.87152008056641,0.01958749903139314,0.024445600033924337,0.02145404819248684,38.13865005893352,-2.106820350640376,1
2021-03-22,120.0707015991211,120.53779245026008,117.02490398115997,117.09302062360136,111912300,0.028335925315371657,119.44929504394531,119.30333237420945,125.72877319335937,0.02163486391729039,0.025400303596164617,0.021276570082878823,47.4263685312803,-1.8770716212982563,0
2021-03-23,119.24353790283205,120.8978030327316,118.85429686516294,120.0122869105858,95467100,-0.00688897195796101,119.6592036655971,119.14300173804874,125.54752365112304,0.02158272625684899,0.024632831307835817,0.021247382314494793,50.764329906071175,-1.741662494351857,0
2021-03-24,116.85946655273438,119.5938800533793,116.8400078374971,119.51603034411634,88530500,-0.019993296006030725,119.11704908098493,118.87563178652809,125.37825225830078,0.02037000241981289,0.024977853379080272,0.021183461976903347,49.93732915347566,-1.8059070468164435,1
2021-03-25,117.34601593017578,118.38723908571316,115.79879193762964,116.3242663381614,98844700,0.004163542687590782,118.42476000104632,118.65506235758464,125.22220977783203,0.019403415717509063,0.025007387270518582,0.021196882374778,48.66687151020899,-1.796847904856719,1
2021-03-26,117.94934844970705,118.21208938078492,115.72095047944184,117.11248257706046,94071200,0.0051414827742448654,117.93126242501395,118.6652574085054,125.03761886596679,0.019809412282262035,0.023844803863891446,0.02106990023122524,59.08580177409892,-1.7211442974344209,1
2021-03-29,118.12450408935548,119.28249444245718,117.4822625170894,118.37751194468804,80819200,0.0014850072675316461,118.05081612723214,118.67128208705357,124.89500854492188,0.014762301620969566,0.023842423596282327,0.020978007520684117,50.677561860918104,-1.6282456446109848,0
2021-03-30,116.67456817626952,117.16111766205536,115.66254435493632,116.87891806940084,85671900,-0.012274641271629472,118.0383061000279,118.30567459833054,124.75779586791992,0.015528234199933719,0.020559721299813125,0.020960918562766773,49.8223578140106,-1.6525706972079064,1
2021-03-31,118.86405181884766,120.19719278132602,117.8909527575786,118.37750228821312,118323800,0.018765731699733612,117.86592755998883,118.16805049351284,124.65096405029297,0.012798539300092525,0.020638712835551305,0.02112766164681343,50.416835094442824,-1.478136408555855,1
2021-04-01,119.691162109375,120.83941908348808,119.19487960235314,120.33341093306862,75089100,0.0069584561343061235,117.92987387520927,118.21160816010975,124.47905639648438,0.012873557103497007,0.019976858897208287,0.020600078300734615,54.337240128606986,-1.2586462001561358,1
2021-04-05,122.51317596435548,122.76618380455446,119.75930377924526,120.53778601486208,88651200,0.023577462239039004,118.737546648298,118.47897847493489,124.26953353881837,0.011736503078000794,0.020211044023941336,0.020188703540690325,54.216339071101864,-0.8472194763669592,1
2021-04-06,122.81482696533205,123.7100762858856,122.26989388745704,123.09702657327624,80171300,0.0024621923201495477,119.51880536760605,118.70093718029204,124.02329071044922,0.011818281642731516,0.02012145625442324,0.02003893423148195,51.496730405904955,-0.49115835108253236,1
2021-04-07,124.45935821533205,124.4788169278638,121.77360301243874,122.44504366920104,83466700,0.013390331531096145,120.44880676269533,119.23567744663784,123.73512161254882,0.012058815690440332,0.017566064902804414,0.019710272432757792,57.05297719344714,-0.07540815775618626,1
2021-04-08,126.85318756103516,126.88237934347556,125.06268894589844,125.48111439308596,88844600,0.01923382363551518,121.69576154436383,119.6652316138858,123.49016540527344,0.012379650763346966,0.01591637149694547,0.019932213142960037,73.98720225420313,0.44214214844170385,1
2021-04-09,129.42218017578125,129.46109760648577,125.9871415439433,126.30826602843275,106686700,0.02025169933952209,123.51684897286553,120.268553234282,123.31796508789063,0.007721126196908868,0.016027117674357896,0.02014988667977008,78.79588029604942,1.0475255069133311,0
2021-04-12,127.70954895019533,129.2762393125197,127.11595782289686,128.95511478316322,91420000,-0.013232903535235097,124.7804914202009,120.69857134137835,123.20809448242187,0.012852000812478831,0.016275434295553802,0.01963124297318807,68.73510764782513,1.3732709406330912,1
2021-04-13,130.81369018554688,131.0375136441806,128.38094270892825,128.87723269707828,91266500,0.024306257917817264,126.36942400251118,121.31950051443917,123.25999755859375,0.013725759217071979,0.01665895339854117,0.01920823405242163,75.5260405427832,1.8604585904913336,0
2021-04-14,128.47824096679688,131.36834576141277,128.11819914098413,131.3099622056929,87222800,-0.017853247740640787,127.22157614571708,121.69205729166667,123.22282745361328,0.01689790417883738,0.01676476922105869,0.019241214166206187,75.68842251856167,2.034652867482933,1
2021-04-15,130.88182067871094,131.36837019796266,130.04495491166549,130.22012045971883,89347100,0.018708068337697892,128.37400381905692,122.10585639590309,123.21721069335938,0.017291948991447037,0.016984875721675854,0.01940460721500206,77.58824072746563,2.339681490378524,0
2021-04-16,130.55096435546875,131.04723949609195,129.69463249088383,130.6871976204425,84922400,-0.0025279012893194563,129.24423326764787,122.54143415178571,123.22538146972656,0.01769977755015935,0.016892278173819036,0.019375060177487215,75.97268692901861,2.5256078957460346,1
2021-04-19,131.21267700195312,131.82573417670255,129.75302837507442,129.91845343765638,94264200,0.0050686155383934395,129.8670174734933,123.20453171502976,123.17974273681641,0.016855412689763996,0.014543195375098732,0.019037074346251473,76.44511464015532,2.6952810695199503,0
2021-04-20,129.5292205810547,131.88411859918818,128.2641887932471,131.38784340823202,94812300,-0.012829983042517923,129.88230895996094,123.81248801095145,123.10870635986328,0.016487066056055235,0.014937258494461165,0.019117227728818444,75.73046679932382,2.6632076185928497,1
2021-04-21,129.9087371826172,130.15201197134868,127.767922011443,128.79940473993418,68847100,0.0029299690051405314,130.19647870744978,124.28096589587983,123.04234069824219,0.01538141127975095,0.013954275270773617,0.019121840345971065,73.83456448072013,2.6380037307421986,0
2021-04-22,128.39068603515625,130.54122653689166,127.8749447465964,129.46108603950333,84566500,-0.011685520007226002,129.85033525739397,124.71654437837147,122.96313018798828,0.012670753563375999,0.014176324401740147,0.019169532658212283,68.23003665627265,2.467096277150162,1
2021-04-23,130.70668029785156,131.48514771146148,128.60478264515086,128.60478264515086,78657500,0.018038646993919327,130.16868373325892,125.37593550909133,122.94230621337891,0.012730835367914382,0.013417720485453602,0.019335817583211894,67.54167691622672,2.4898310478312595,1
2021-04-26,131.09591674804688,131.42676689058607,129.9671181870508,131.20295824690538,66905100,0.002977938459674201,130.1992688860212,126.03069269089471,122.93432678222656,0.010610774428089073,0.01342581754184033,0.019338174129361764,67.66294982046074,2.510319248262718,0
2021-04-27,130.77479553222656,131.76736083305914,130.5023289552631,131.3781122600293,66015800,-0.0024495134843709465,130.23124476841517,126.64142826625279,122.91525390625,0.010607355912109116,0.013534193677608289,0.01934003097824769,64.27632475315826,2.4721471231420225,0
2021-04-28,129.98658752441406,131.38785269000346,129.5000379446019,130.69694575341163,107760100,-0.006027216518325718,130.05608912876673,127.20628938220796,122.9228448486328,0.010603802252829798,0.013730003598040367,0.0192205221003131,57.63761528456604,2.351190578641976,0
2021-04-29,129.88926696777344,133.38270410909877,128.88697605750357,132.7988386951313,151101000,-0.0007486969116897724,130.10752432686942,127.83556075323196,122.97422515869141,0.009318159557424512,0.0132410055882172,0.01904744844484747,51.29449496047288,2.2218663973371093,0
2021-04-30,127.92362213134766,129.96712145874997,127.5441140528076,128.23500614148355,109839500,-0.01513323527273025,129.82393646240234,128.266968863351,123.00828353881836,0.010881588848051937,0.013567504809665416,0.019133550179290068,50.585082004062734,1.9384200415874773,1
2021-05-03,128.97451782226562,130.4633727552625,128.283625938946,128.48796838679135,75135100,0.008215024507662427,129.90734100341797,128.7090334211077,123.06024673461914,0.010569280259527768,0.013585856396304566,0.019164856295068537,44.33788718804404,1.7780885639470654,0
2021-05-04,124.41070556640624,127.95279275381807,123.29164023246338,127.66086008438737,137564700,-0.03538537947587905,129.00791604178292,128.7993919735863,123.09625122070312,0.014512286439139963,0.015252436345103383,0.019360898135675802,38.98845103026986,1.2681448210098267,1
2021-05-05,124.6540069580078,126.94078104975206,124.52749931714489,125.72440711319194,84000900,0.0019556306709609395,128.08764321463448,128.88697197323754,123.13984664916993,0.014400605505617286,0.015250148394734847,0.01936062877056584,30.906968802481188,0.8735731126709823,1
2021-05-06,126.2498550415039,126.25958068498952,123.71005892640017,124.44961615985032,78128300,0.012802220501693995,127.44122314453125,128.97223372686477,123.22528427124024,0.016252966312817925,0.015226430046236878,0.019425727711604363,37.76294511553199,0.6817846058163468,1
2021-05-07,126.92244720458984,127.94592476658238,126.21086763240989,127.5462878048144,78973300,0.005327468794834145,127.00348881312779,128.97553180512926,123.40902816772461,0.016683004417594426,0.014676717482551121,0.018739296684529644,37.801450040587454,0.5774074056970164,0
2021-05-10,123.6472625732422,126.26933982071908,123.60827160938824,126.14263220253412,88071200,-0.02580461300173542,126.11177389962333,128.7005357288179,123.52201370239258,0.01862413790145484,0.014957835039130691,0.019137540359578764,34.66381171992245,0.2277819660009044,0
2021-05-11,122.73102569580078,123.08192956770212,119.67029762868589,120.38186984814408,126142800,-0.007410086227333079,125.36997440883091,128.46346319289435,123.48958770751953,0.0182779129289767,0.014793513278934373,0.017590874277171712,31.794885290769997,-0.12182702644581411,0
2021-05-12,119.67027282714844,121.49306133403095,119.16340517343434,120.28437120843128,112172300,-0.02493870519943897,124.0407965523856,127.93282427106585,123.44791000366212,0.0183493039856667,0.014346831506480496,0.017697388103071313,29.487316615495743,-0.6385114855322058,1
2021-05-13,121.81475830078124,122.96496595514448,121.1226852750631,121.43460561674968,105861300,0.01791995140455893,123.6699469430106,127.61551557268415,123.50867614746093,0.017329944718916718,0.014754157407883484,0.017525477868568604,28.91374530233324,-0.8649746964863709,1
2021-05-14,124.2321319580078,124.66102519199372,122.67253033910512,123.06243260302256,81918000,0.01984466981626043,123.60967908586774,127.29886372884114,123.65535079956055,0.019361524246542798,0.014837420839684276,0.017567106436645934,35.1515363575686,-0.8397069523955025,0
2021-05-17,123.0819091796875,123.72524895126948,122.00968366381709,123.61802565600584,74244600,-0.009258657645101698,123.15711539132255,126.94319443475632,123.75391510009766,0.01865150689302511,0.014913407348546317,0.01757708101687892,33.934247046789324,-0.9020966400262722,0
2021-05-18,121.69775390625,123.78372204612904,121.62952158155362,123.36457849820384,63342900,-0.011245806005631298,122.41073063441685,126.49010285877046,123.92327392578125,0.018398183657085853,0.014913698589970832,0.016568357158539434,33.11009003731708,-1.0511140907231606,0
2021-05-19,121.54181671142578,121.76600548369002,119.75801895076616,120.050447495282,92612000,-0.0012813481746289934,122.10995265415737,126.10975029355004,123.9974592590332,0.016162376013371456,0.014763531938017957,0.01558219381944637,33.031184231545296,-1.1683265808480314,1
2021-05-20,124.0956573486328,124.49530918227134,121.94145662294912,122.06817912472064,76857100,0.02101203278268038,122.30490003313336,125.83293696812221,124.14432388305664,0.018126694367436535,0.015624103414632221,0.015773961745074946,42.400199212299505,-1.043120286315684,0
2021-05-21,122.26314544677734,124.76825782596866,122.04869881375612,124.59280216593018,79295400,-0.014766930132834699,122.67531040736607,125.54114932105655,124.21600341796875,0.015904813769526596,0.015733103607050995,0.015780523730993517,37.076741858038694,-1.079320061558704,1
2021-05-24,123.8909683227539,124.70976380781524,122.7602599555712,122.82849229292908,63092900,0.013314092893881746,122.97191183907645,125.21659160795666,124.33833923339844,0.015275984559325925,0.015460533365351027,0.015832362475183687,48.871621265722844,-0.9655269487901847,0
2021-05-25,123.69602966308594,125.08018314804376,123.13067172111496,124.59279971373591,72009500,-0.0015734694974707253,122.89532579694476,124.86421603248233,124.39916885375976,0.013235548219532545,0.015412723746920133,0.015473788637147922,47.91580076778952,-0.8809203068078375,0
2021-05-26,123.6472625732422,124.17362943012176,123.22811900776954,123.7544858646491,56575900,-0.00039424943530175227,122.97609056745257,124.52480970110211,124.42827331542969,0.012674844855863465,0.015420578330833672,0.015374884437392869,43.92905511825038,-0.8084843260193821,0
2021-05-27,122.1169204711914,124.41733561849657,121.92197306010468,123.24763627844212,94625600,-0.012376675958711947,123.03597150530133,124.15006365094867,124.44253509521485,0.012858704729844631,0.015553811341272884,0.015451054565824067,39.22168619940503,-0.864597564869868,0
2021-05-28,121.4638214111328,122.62377842352186,121.40533868337069,122.399582239157,71311100,-0.005348145511192115,123.0248293195452,123.7488519577753,124.52605895996093,0.013046367845408583,0.015555071839729208,0.01467148571038777,44.44995636575189,-0.9508070352574549,0
2021-06-01,121.14217376708984,122.18515807859856,120.81076166659518,121.92197831860382,67637100,-0.0026480942251457806,122.6029030936105,123.42592584519159,124.61365966796875,0.009182230034606375,0.015307686954376348,0.01466029760898361,45.83544639957508,-1.0331731613222956,1
2021-06-02,121.90247344970705,122.07792909380578,120.91797935921072,121.14216813753484,59278900,0.006276094104757934,122.55137852260044,123.08916182745071,124.65029510498047,0.008236120931769009,0.015245686931247867,0.0141386578192151,56.65317895152387,-1.025280286419914,0
2021-06-03,120.42086791992188,121.6977907126188,120.02121601385367,121.53208465063496,76229200,-0.012154023522717328,122.05564989362445,122.89916955857049,124.67384170532226,0.006643075573027972,0.013486930889117642,0.014213467978013837,45.67452339261316,-1.1256030587565107,1
2021-06-04,122.7115249633789,122.97471215998662,120.72303005127525,120.93747667465416,75169300,0.019022093786770222,121.91500636509487,122.80667041596912,124.79088287353515,0.011027245441895997,0.014198714882622676,0.014147692410444146,45.24389621137246,-1.0086456597272786,1
2021-06-07,122.72127532958984,123.13066937489864,121.67829101219802,122.9844550910691,71057600,7.945762399952372e-05,121.78272247314453,122.63864281063988,124.89838806152343,0.011033671270847504,0.013863428386344454,0.014141290909270212,48.785366322457506,-0.9047400254655997,1
2021-06-08,123.5400619506836,125.21664395698274,123.02344459916289,123.40359727053726,74403800,0.006671920731712966,121.98602839878627,122.47757684616815,125.01020233154297,0.010073545966245592,0.01389841795017708,0.014152102825486826,56.4506555239089,-0.7477057379600467,1
2021-06-09,123.92019653320312,124.52454534046706,123.32559732645998,123.99817846383708,56877900,0.003077014666475364,122.3369391305106,122.49057370140439,125.12611618041993,0.0095824404270531,0.012720301124462118,0.014154949692478746,58.19893272035327,-0.5858281871725382,0
2021-06-10,122.92597198486328,124.95345787476268,122.7602659341765,123.81299241371468,71186400,-0.008023103385520036,122.59176744733539,122.49985685802642,125.2511442565918,0.010290627997960948,0.012739284157741284,0.014085832813896661,45.48195203200623,-0.5316363015265608,1
2021-06-11,124.13463592529295,124.22236745136004,122.91619621766982,123.3353397745628,53522400,0.009832453800556529,122.91064780099052,122.71244557698567,125.3565559387207,0.010611887540120811,0.011515920528998127,0.013913326319394693,57.59487870486412,-0.38670210183772724,1
2021-06-14,127.1856460571289,127.244128801622,123.86174536220004,124.59280941543643,96906500,0.024578234020617096,123.87704467773438,122.96820213681175,125.50644561767578,0.01114356137533598,0.012060470260180143,0.014286408682826946,61.985940167998535,-0.02535738100242213,0
2021-06-15,126.36683654785156,127.30260492232892,126.12314857125716,126.6592650944716,62746300,-0.006437908165435213,124.39923204694476,123.06985473632812,125.5835188293457,0.011059658239709879,0.011479488231402234,0.013958740322837813,59.29441975854069,0.1927182927695128,1
2021-06-16,126.86396026611328,127.585282063148,125.21664196538164,127.07840688486591,91815000,0.0039339729619130015,124.99104418073382,123.2499524071103,125.66450149536132,0.010912143918862615,0.011256057411100369,0.013964050275130847,60.85537309028959,0.40103567518413286,1
2021-06-17,128.46255493164062,129.20337594415264,126.37658632134162,126.52280804022224,96721700,0.012600857344939431,125.69425746372768,123.57208578927177,125.7445654296875,0.011304288597173227,0.011107571042767526,0.013949898853275777,71.31638311799144,0.687200313640119,0
2021-06-18,127.1661376953125,128.18961527761795,126.95169109033546,127.40982566701064,108953300,-0.010091790849232285,126.15796334402901,123.83991059802827,125.75082443237305,0.01280087756620174,0.01142486208665633,0.013771337400551973,68.36172460385706,0.8001541361576301,1
2021-06-21,128.95965576171875,129.0668790460521,125.94767651117064,127.0101523182265,79663300,0.014103739398797277,127.01991816929409,124.07152957007999,125.7415739440918,0.012116958223186074,0.010946085713929613,0.013614679497225215,72.99314101117011,1.0226048213629326,1
2021-06-22,130.59722900390625,130.69471012361893,128.2968143898753,128.79394727746697,74783600,0.012698337573211926,127.94314575195312,124.46839069184803,125.79932754516602,0.012278656182825233,0.010487658256256482,0.013593440437615062,74.3184515591571,1.3158685533494179,0
2021-06-23,130.3243408203125,130.92869718078555,129.86620618552573,130.3925806003398,60214200,-0.0020895403805665236,128.3915307181222,124.77474176316034,125.78954055786133,0.009956552538239394,0.01028133838251587,0.01315708789586206,79.70777140220659,1.508869074552436,0
2021-06-24,130.04164123535156,131.24058178501798,129.57374966230876,131.0553765632134,68711000,-0.0021692001907051006,128.9165028163365,125.07691374279204,125.82080856323242,0.00935687665431543,0.010293848832664692,0.012907101125174857,75.00006505195569,1.6203336861014748,0
2021-06-25,129.7492218017578,130.5095270692511,129.45679326652197,130.09039090512184,70783700,-0.002248659973958067,129.32868303571428,125.3674832298642,125.79815658569336,0.009666349957987692,0.01032723554034384,0.012635325579565317,73.51606333328398,1.6658712624289933,1
2021-06-28,131.3770751953125,131.8352098315601,129.98318695524438,130.04166969629122,62111300,0.012546151498633806,129.7450430733817,125.80844297863189,125.81467880249023,0.009657555256067195,0.00997670639817862,0.012755364775129821,74.87635841070367,1.8124218135967567,1
2021-06-29,132.887939453125,133.04390333984907,130.95793469390316,131.39657011097157,64556100,0.011500212313041436,130.56244332449776,126.35244859967914,125.84818405151367,0.007990376669373234,0.009903914877301849,0.01283756647493433,76.55903443713159,2.027111025948585,1
2021-06-30,133.50201416015625,133.94064949902392,132.43952338561445,132.73195190270366,63261400,0.00462099652954473,131.2113516671317,126.94101242792038,125.9276399230957,0.007220392702356443,0.009773782628192507,0.01270892617634141,82.04373798264183,2.221199860962372,1
2021-07-01,133.80421447753906,133.86269721920397,132.33232940247316,133.15113240638843,52485800,0.002263638637094001,131.66949244907923,127.50776200067429,126.00554946899415,0.0063907553897240175,0.009780284364355693,0.012706871932595992,81.00009539160702,2.3720580919357417,1
2021-07-02,136.42628479003906,136.46526832234767,134.27207651002422,134.41828334809892,78852600,0.01959632080901419,132.54119873046875,128.2699247087751,126.1662614440918,0.00822790092483657,0.009529369027063486,0.012855327580555803,80.46276049644288,2.672387863730421,1
2021-07-06,138.43426513671875,139.53572463895688,136.53350195950557,136.53350195950557,108181800,0.014718427242741194,133.74014500209265,129.0186266217913,126.32081314086913,0.007690852387556024,0.009278357270861176,0.01277540550747515,86.8892879632437,3.037415172834841,1
2021-07-07,140.91990661621094,141.2318195282519,139.0581266890823,139.91589835234652,104911600,0.01795539187525108,135.33595711844308,129.8852281116304,126.51729293823242,0.006458378982084511,0.009543678770490357,0.01299100545486763,88.31044766684315,3.4870756022882574,0
2021-07-08,139.62350463867188,140.42279367497855,137.11838445022283,138.00541248474633,105575500,-0.009199565970972157,136.51401846749442,130.65110633486793,126.69426712036133,0.010221465565516934,0.010150935849081878,0.013068040368232238,80.92943405162207,3.696218224280983,1
2021-07-09,141.44622802734375,141.97258743167365,139.04833216120844,139.1458132863032,99890800,0.013054559784821729,137.73663112095423,131.48567926316034,126.92345993041992,0.010306950302349842,0.010245572849557297,0.01312538711720515,88.45161438765683,3.9633566944624476,0
2021-07-12,140.85166931152344,142.62572515772004,140.36429329314447,142.51850183873523,76299700,-0.004203425740737177,138.78658185686385,132.3392838977632,127.14270797729492,0.011412379317964507,0.010008461518412963,0.013148021765051993,84.2315723450552,4.080057573320232,1
2021-07-13,141.96286010742188,143.7369156295679,140.00361422588887,140.39350901995925,100827100,0.00788908503058483,139.9521026611328,133.18824695405505,127.4234927368164,0.011157633429837962,0.009985557787693528,0.012947845280876169,83.7387893392278,4.213635504026115,1
2021-07-14,145.3842315673828,145.79364043052715,143.95134516697595,144.3607540301203,127050800,0.024100468653364793,141.23180934361048,134.05484626406715,127.75168701171874,0.011999339129945805,0.009942661413768676,0.013289656014352266,87.66469826339357,4.5432018567523755,0
2021-07-15,144.7311553955078,146.21278242197317,143.37625087333885,145.47197634550716,106820300,-0.0044920701841885124,142.13136509486608,134.92933763776506,128.1580960083008,0.012699982021550984,0.009825064398635328,0.012163481331011661,86.07014609523468,4.697537488547852,0
2021-07-16,142.69390869140625,145.9788173432772,142.19679065127386,144.7116519617399,93251400,-0.014076075731824012,142.3847939627511,135.68314470563615,128.51889404296875,0.013599586492600265,0.010800441671651846,0.01240327534093657,79.27701213607477,4.6024071212393665,0
2021-07-19,138.85340881347656,140.43251704679776,138.0931035014654,140.12058929133983,121434600,-0.026914252424294127,142.2747802734375,136.17794727143786,128.7709651184082,0.017179320086600735,0.012791330322226938,0.013005609157472278,65.37081456040767,4.169061035550413,1
2021-07-20,142.45999145507812,143.38601770583355,139.35054523026795,139.83792120496685,96350000,0.025974030255507374,142.4196036202567,136.9062260219029,129.08171600341797,0.01944347412109029,0.013247534018960293,0.013434502355170058,68.11816720907315,4.069738802667729,0
2021-07-21,141.7289276123047,142.4405072449087,140.97837931958148,141.85565012536404,74993500,-0.005131713369531998,142.544926234654,137.5142865862165,129.44334930419922,0.019489442339110135,0.01328828150557693,0.012854328815138188,65.50340140357858,3.887224965485217,1
2021-07-22,143.0935821533203,144.4582288663732,142.1285724161041,142.25529492286392,77338200,0.009628623909076595,142.70645795549666,138.1093510219029,129.8506004333496,0.019601946576338278,0.01321128928250672,0.012803497771694159,66.83157586246938,3.808792264805163,1
2021-07-23,144.80909729003906,144.96506111781187,143.2105052391908,143.8246035150905,71447400,0.011988763653149936,142.6242959158761,138.79910132998512,130.35337692260742,0.0176956300089147,0.013220367561335485,0.012200748901096655,65.70491087202367,3.840787313471509,1
2021-07-26,145.2283172607422,146.04710543551434,143.9708787526298,144.5264945756414,72434100,0.00289498366158214,142.69531903948103,139.52227637881325,130.82164810180663,0.017633293854651892,0.013126721686331782,0.0120320975916153,63.53410495356357,3.8555270522437297,0
2021-07-27,143.06436157226562,145.44275893789174,141.87516288945258,145.35501995009983,104818600,-0.014900370184634193,142.7482408796038,140.15633065359933,131.1982926940918,0.01775018419111785,0.013767846170560418,0.012077592281000377,54.32732602356738,3.6505144045971463,0
2021-07-28,141.3195037841797,143.25926511063363,138.9411071473103,141.1537977724019,118931200,-0.012196313385878121,143.1005401611328,140.6297796340216,131.56304458618163,0.01454278458050704,0.014121736214863036,0.012144895386393302,53.36154048552997,3.309099721441555,1
2021-07-29,141.96286010742188,142.8498878684949,140.92962551695572,141.03684881635502,56699500,0.004552494921187256,143.02952139718192,141.06191871279762,131.96834671020508,0.010497800268026913,0.014007702164752275,0.011975294418468334,51.07420648064601,3.055220918869537,1
2021-07-30,142.17730712890625,142.63544169374407,140.47149137109437,140.73467853831747,70440600,0.001510585383543983,143.09357561383928,141.47502790178572,132.3810565185547,0.010302678619421114,0.014008858459812366,0.011960684919508253,52.80059933863858,2.8386025776125337,0
2021-08-02,141.84588623046875,143.23977416644965,141.5826990796388,142.66467417357077,62880000,-0.0023310393559291542,142.9153333391462,141.85796465192522,132.7360610961914,0.009496036149044419,0.014058299848924866,0.011704516384540111,49.74445644492447,2.6101004713094653,1
2021-08-03,143.63946533203125,144.30228959895825,141.51449808960257,142.12859665195967,64786600,0.012644561990668768,142.7482430594308,142.20144943963913,133.16358749389647,0.00964995979205313,0.01372276475822547,0.011507878557291984,45.89649749759736,2.54440740499939,0
2021-08-04,143.23977661132812,144.05856456840556,142.5866946784069,143.55170433223327,56368300,-0.002782582904908626,142.46416582380022,142.43028331938245,133.55056365966797,0.009493801847816752,0.013475771152006483,0.011446794647246078,46.450127301320954,2.4320583821077832,1
2021-08-05,143.34703063964844,144.10733603044793,142.4795019309908,143.2690486927029,46397700,0.0007487726583890186,142.50454711914062,142.54586065383185,133.9435836791992,0.007579809394526292,0.012951704323066382,0.011432683419579641,51.71188581402063,2.324875755239816,0
2021-08-06,142.66368103027344,143.61060825982952,142.16581806356817,142.86869219057516,54126800,-0.004767099857776791,142.69657244001115,142.69063095819382,134.32391204833985,0.005863095203378586,0.012814389231519849,0.011475955353332559,61.967728206858474,2.1598942325271366,0
2021-08-09,142.61485290527344,143.21034301067533,142.05841963396023,142.72223685529076,48908700,-0.0003422603752222253,142.78971426827567,142.74627976190476,134.73387069702147,0.0057098774638963375,0.012519806286562045,0.011272782980380194,50.626401827915714,2.0021259043901125,0
2021-08-10,142.1365203857422,144.19632898598317,141.84365370926938,142.95653516321173,69023100,-0.003354016147595562,142.7838875906808,142.80746314639137,135.14732467651368,0.005883722024152906,0.012505328618540782,0.01124552466586168,51.683090959497946,1.8175444103669918,1
2021-08-11,142.39035034179688,143.22989365517753,142.06819844175104,142.57583309295842,48493500,0.0017858179964291843,142.8616681780134,142.82781982421875,135.57228820800782,0.0058203569202709225,0.012395623947773635,0.01121582850135656,46.80280433609299,1.6724650664117462,1
2021-08-12,145.34825134277344,145.50444888855472,142.37080079552103,142.7124810649403,72282600,0.020773184375741494,143.10578046526228,142.82610648018974,136.04120376586914,0.008720910278613941,0.012092630706653588,0.011478667336392492,52.202422951972295,1.7756973973918093,1
2021-08-13,145.5532989501953,145.88520764627282,144.74304073624972,145.42638655047446,59375000,0.0014107332253920912,143.436283656529,142.8652561732701,136.5438523864746,0.008501077644203797,0.012050112316230138,0.011257158938127674,51.351179887479915,1.8526986351062362,1
2021-08-16,147.52520751953125,147.59354953492934,142.98582599022765,145.00657783567002,103296000,0.013547673488394585,144.03316606794084,143.0953180222284,137.04012603759764,0.009431726547185583,0.01190472124400331,0.011132615583814374,68.84789952807077,2.049217113090407,0
2021-08-17,146.61734008789062,148.0718870042623,145.5435005089824,146.6563820290242,92229700,-0.0061539817289898435,144.5979745047433,143.46502903529577,137.51804733276367,0.009662030361147551,0.010145765143974141,0.01120920523108194,74.08805764499706,2.1074092068435277,0
2021-08-18,142.87841796875,147.13470375005627,142.6734068529053,146.2365903149313,86326000,-0.025501227323448283,144.63562665666853,143.48495410737536,137.904814453125,0.014825534044927759,0.010441036166288614,0.011930991637523765,53.24841536752429,1.8307236502019464,1
2021-08-19,143.2103729248047,144.47945217305653,141.06270837166667,141.5800998127829,86960300,0.002323338687353793,144.7890341622489,143.55549912225632,138.29061798095702,0.014743665789841319,0.010377531965256545,0.011931345851759265,53.63502527223898,1.6195650065902214,1
2021-08-20,144.6648712158203,144.9674945787487,143.2884086013903,143.9327121522913,60549600,0.010156375277224683,145.1139657156808,143.6303224109468,138.72539596557618,0.01513622037025376,0.010401237067757085,0.011866411054332362,59.19256494181783,1.5516990952764047,1
2021-08-23,146.1487579345703,146.61733569322217,144.37204430196212,144.7820517027598,60131800,0.010257408770206755,145.22832380022322,143.6941157749721,139.16567840576172,0.013430474038181853,0.010312700821249363,0.01187131380779041,58.351353135648736,1.59921734636643,0
2021-08-24,146.06088256835938,147.27139120779157,145.60206158624177,145.89492826143862,48606400,-0.0006012734384666096,145.30083574567522,143.7337617420015,139.54318313598634,0.01343832319379383,0.010300137120091798,0.011479566451990598,59.58812608258222,1.611212045541322,0
2021-08-25,144.83084106445312,146.7442235104866,144.28416462153382,146.24634576040117,58991300,-0.008421430038467514,144.91592625209265,143.81787981305803,139.91246322631835,0.012431470081861035,0.009911036854180388,0.011515638998822058,54.68544771049414,1.5041252420699607,0
2021-08-26,144.03038024902344,145.5727977281921,144.00109506679658,144.82112485660906,48597200,-0.0055268671337306285,144.5463605608259,143.94696916852678,140.25579162597657,0.012403506422953637,0.009580784628385188,0.011574141232073868,54.28395963986577,1.3392298723977945,1
2021-08-27,145.0651397705078,145.21156564308194,143.33723999505236,143.97177197062845,55802400,0.0071843143071295135,144.85874938964844,144.0946967715309,140.5878433227539,0.007454871078212495,0.009647260690174783,0.01150382769415457,57.23341039025155,1.2773213836573802,1
2021-08-30,149.47767639160156,149.8388852017209,145.07496269699374,145.45568503514545,90956700,0.030417622235599406,145.7540784563337,144.4423334030878,141.0340740966797,0.013020111987958171,0.011581104918033856,0.012014184878517208,67.58656386666803,1.5662584362282814,0
2021-08-31,148.2183380126953,149.16526528048843,147.69117494824357,149.02859613337498,86453100,-0.00842492611142176,146.26171657017298,144.74578348795572,141.41924774169922,0.013942758602368788,0.011781527084850524,0.012023525715182507,63.31989752610497,1.6743244792559437,1
2021-09-01,148.8821258544922,151.293371319359,148.71617155840954,149.1945209265185,80313700,0.004478446126821467,146.6521977015904,144.9954339890253,141.78494567871093,0.013647725136986763,0.011550697509747163,0.011942156982742626,59.02286455184107,1.7928627228055234,1
2021-09-02,149.9950408935547,151.03959539227287,148.7747752992504,150.20980882981786,71115500,0.007475142047274286,147.21422031947546,145.3171132405599,142.1783596801758,0.013660603554787312,0.01156535176524294,0.01194057551027903,60.83840575717003,1.9540826292974316,1
2021-09-03,150.62954711914062,150.9516989362315,149.44832378980732,150.10238418360416,57808700,0.004230181356703833,148.0426068987165,145.66389973958334,142.59011779785158,0.012553373964146998,0.011567553711524771,0.011919571337060241,58.10390731927274,2.108741655179159,1
2021-09-07,152.96270751953125,153.51914078415754,150.71741625258127,151.2836211735212,82278300,0.015489393980220978,149.3186536516462,146.15432957240515,143.05438751220703,0.011920655055953933,0.011780356558495261,0.012023284328461701,65.41736057456316,2.3920030703008024,0
2021-09-08,151.42031860351562,153.30440154284446,150.31719373274197,153.24583117728486,74420200,-0.010083431059944359,150.2265363420759,146.57363746279762,143.4552523803711,0.013906172635852254,0.012121537984672678,0.012096438152160178,73.23427603781886,2.463632663545269,0
2021-09-09,150.40504455566406,152.39651120399355,150.28788894400816,151.79126431107525,57305700,-0.006705005360013727,150.35901750837053,146.96737670898438,143.80559448242187,0.009534155770268305,0.012229926128961933,0.012106744495820077,68.86836999948778,2.4106866069874684,0
2021-09-10,145.4263458251953,151.78148246152148,145.16276433644302,151.3129047338198,140893200,-0.033101939799806135,149.96016148158483,147.11194792247954,144.04408111572266,0.015961994118533086,0.014524281585792975,0.01310903677131802,51.68545169862351,1.9445712895103213,1
2021-09-13,145.99253845214844,147.8180505115286,145.21156570783384,147.04684942260073,102404300,0.003893329119564637,149.54736328125,147.1426282610212,144.28784759521486,0.01592021081583529,0.013832018030124717,0.013112246823379421,49.6395811565509,1.6023872327878905,0
2021-09-14,144.5965576171875,147.4763957492906,143.4153491043727,146.7735217186003,109296300,-0.009562001248567209,148.7761513846261,147.0970691499256,144.45125305175782,0.015401738718639613,0.013994342199296815,0.012953382063745456,46.81392013386276,1.2046731931619092,1
2021-09-15,145.48492431640625,145.8851749521173,142.88819590848047,145.02610332343372,83281300,0.006143761053915675,148.04120526994978,146.99991280691964,144.59226623535156,0.015610916876930432,0.013720722047698796,0.012827529567516106,51.44463436926237,0.9502122641258097,0
2021-09-16,145.2506103515625,145.4263362978241,143.71796490468603,144.90894501042473,68034100,-0.0016105721327809297,146.9394771030971,146.93483043852308,144.6788803100586,0.013021471924080597,0.013664022815618446,0.012598451098771212,52.764176215412796,0.7213279462994535,0
2021-09-17,142.58560180664062,145.27995796165817,142.29273506424897,145.27995796165817,129868800,-0.01834765815077488,145.67737470354353,146.92088681175596,144.73812225341797,0.013675244856887708,0.013082621990082342,0.012809564361668559,44.76945212490303,0.3211890903300514,0
2021-09-20,139.53982543945312,141.3946233415319,137.90955225490944,140.37936883525987,123478900,-0.021361037359984292,144.12520054408483,146.74609883626303,144.69999420166016,0.01445943519328293,0.0138681769861824,0.013043719094811085,27.753446013199948,-0.23893820321453063,1
2021-09-21,140.01812744140625,141.16030897663776,139.38359538478255,140.5062336067531,75834000,0.003427709619435282,143.35259791782923,146.52482532319567,144.6833233642578,0.011192336753050858,0.013670360661240806,0.013040419753741034,30.97811351635663,-0.6369062854288359,1
2021-09-22,142.380615234375,142.94680544027904,140.28174918379625,141.0139086418493,76404300,0.016872728096991585,142.83660888671875,146.3453899565197,144.69167846679687,0.013758816428940722,0.01402558110169726,0.013212583121760395,36.02028435633325,-0.7529858844718262,1
2021-09-23,143.3372344970703,143.58128753921014,142.17553963315416,143.16150856090553,64838200,0.0067187465170073235,142.65670558384485,146.21569242931548,144.65073852539064,0.01393644062811035,0.014130448552224732,0.012791365479050531,35.58733954772774,-0.7590388954218952,1
2021-09-24,143.42510986328125,143.96202960944674,142.09746053449825,142.1950877231893,53477900,0.0006130672641988522,142.36244637625558,146.14875284830728,144.6246176147461,0.013605868301927839,0.014023956166010132,0.012776799152457682,34.02595363855721,-0.7481212662927419,0
2021-09-27,141.91201782226562,142.48799456461782,140.39890024168955,142.0096450384804,74150700,-0.010549701112015697,141.88550458635603,146.0478784470331,144.60897979736328,0.013982415077632983,0.014158485598752596,0.012707628983565963,24.573175612763507,-0.8517444687792306,0
2021-09-28,138.5343017578125,141.30674132874793,138.31953384357482,139.8424227657557,108972300,-0.023801480073967096,141.30674743652344,145.73688616071428,144.60259765625,0.01507434612921341,0.014900758094186775,0.012580222519922251,22.659385315481316,-1.1926716842018834,1
2021-09-29,139.43238830566406,141.01384728022984,138.65141557774692,139.08095132289213,74602000,0.006482773843416778,141.29139927455358,145.25853910900298,144.54204559326172,0.01330276030119497,0.013096473366484103,0.012050786001984316,26.602664632900428,-1.3745459695710736,0
2021-09-30,138.13406372070312,140.9455603850025,137.91929578685694,140.24268621892764,89056700,-0.009311499291791092,141.02224731445312,144.77833557128906,144.4701483154297,0.01361795347563611,0.013115489542976339,0.012098976918979473,31.555469790239485,-1.6049457786227492,1
2021-10-01,139.2566680908203,139.5202495626883,135.80088336468526,138.52450892126643,94639600,0.008126919167360525,140.57596915108817,144.31998043968565,144.39341003417968,0.011907280010669433,0.013246730944617214,0.01207530914745473,33.42922994917379,-1.6776159837835678,0
2021-10-04,135.83018493652344,138.82716398233575,134.9808849639791,138.3878565109193,98322000,-0.02460552303364172,139.50353349958147,143.64546348935082,144.21383178710937,0.013394136177675955,0.013805052417279253,0.012409041466987191,30.392864187907534,-1.9887708863602143,1
2021-10-05,137.7533416748047,138.85646652806082,136.04496985928344,136.17188224652747,80861100,0.014158537288158524,138.69328090122767,143.03231084914435,144.06433227539063,0.015575553629837206,0.014284998010326696,0.01258594303864655,33.47235296765494,-2.0564749490133636,1
2021-10-06,138.6221466064453,138.76857249312508,135.07849119061893,136.15233067899587,83221100,0.006306960840860132,138.22329929896765,142.34942699614027,143.97548797607422,0.015988098137471426,0.01378565007171963,0.01246394967471529,36.20468999192739,-2.0167774542772747,1
2021-10-07,139.88145446777344,140.7893396562003,139.32502120039112,139.65692980871162,61732700,0.009084463717787816,138.4157496861049,141.79995727539062,143.94672698974608,0.01358915626971304,0.014035718107317328,0.012421559257074331,44.02230265088526,-1.862234602463218,0
2021-10-08,139.500732421875,140.7502829805711,139.16882381318146,140.60385709315267,58773200,-0.0027217478353154245,138.4255131312779,141.28070431663878,143.89748443603514,0.013467281153663451,0.014019596683732784,0.012408205496958378,49.902040104674086,-1.7503029632223104,0
2021-10-11,139.41285705566406,141.36528138783962,138.43664488957629,138.8857090401355,64452200,-0.0006299276332484283,138.60819789341517,140.99434770856584,143.8421954345703,0.012835865641836561,0.01227117113696719,0.012405614619364486,48.45303492497803,-1.6496707626803584,0
2021-10-12,138.143798828125,139.84241361250955,137.68497785008697,139.82288519545196,73035900,-0.009102877986585933,138.44921657017298,140.62059820265998,143.76815368652345,0.012979540840584055,0.012290144361864229,0.01246487602631093,38.530375931898696,-1.653263617869328,0
2021-10-13,137.55812072753906,138.0364553671229,135.88879063118128,137.88027267230362,78762700,-0.004239626429519472,138.69606454031808,140.28543454124815,143.64652679443358,0.008244197887226868,0.01219292971946807,0.012330810935415886,34.03452595938698,-1.6839586820342731,1
2021-10-14,140.34030151367188,140.45745714105692,138.14382342191217,138.72955687137625,69907100,0.02022549284199271,139.06563023158483,140.0404525030227,143.58853729248048,0.009906769405727283,0.013038539933998951,0.012679318891075389,42.58213130441419,-1.4668767615371223,1
2021-10-15,141.39454650878906,141.45311684711749,140.09618272452653,140.35000738503422,67940300,0.007512061636938183,139.46168736049108,139.8568304152716,143.5494876098633,0.009989952913936563,0.013190364230836823,0.01272704738647491,48.72758653034425,-1.195982473656386,1
2021-10-18,143.0639190673828,143.34701408719482,139.7545598847163,140.03765490452832,85589200,0.011806484760640945,139.91632516043526,139.87960742768786,143.55749237060547,0.010319465770910132,0.01286735072079809,0.012821008146794363,62.15945872215763,-0.8369446084072365,1
2021-10-19,145.2213592529297,145.62160993395176,143.06393807186709,143.51298745891924,76378900,0.015080253634955465,140.73355756487166,140.15015665690103,143.6096224975586,0.010781623422652972,0.012251247697677506,0.012993603477372977,64.55593922651934,-0.37400581475350236,1
2021-10-20,145.70945739746094,146.18780683574556,144.59657585778285,145.16278083703227,58418800,0.003361063049142299,141.63307189941406,140.4211723690941,143.68108123779297,0.010485945358039142,0.012250860913748128,0.012988234718735649,69.85683556768613,0.031894297954949025,1
2021-10-21,145.92420959472656,146.0804071368253,144.35250720492448,145.27014914498275,61421000,0.001473838425462226,142.74455915178572,140.58991495768228,143.75175842285157,0.008447406330788198,0.011765543355484336,0.012987718351833823,68.35051788839951,0.36667496840064473,0
2021-10-22,145.15301513671875,146.6075619891813,145.1042015405824,146.12922747617256,58883400,-0.00528489727749526,143.8295440673828,140.67638070242745,143.74785369873047,0.00870290108028821,0.01177751543252561,0.012679781957817417,80.05060068641444,0.5632690985281386,0
2021-10-25,145.10423278808594,145.81686377851983,144.1084918165859,145.1432747359116,50720600,-0.0003360753380621251,144.5101056780134,140.75633893694197,143.73887237548828,0.007110415037354368,0.011779549495647842,0.012678368840229028,76.95099737286125,0.7069853481840482,1
2021-10-26,145.7680206298828,147.25185252804923,145.4653823192533,145.77777738990952,60893400,0.004574558777801441,145.1348876953125,140.93995811825707,143.70372863769532,0.007009773383611101,0.011521972893154302,0.012545750943198994,76.5992057361481,0.8644784730642527,0
2021-10-27,145.30923461914062,146.1682914783705,144.95779752805828,145.80709762491546,56094900,-0.003147370793399773,145.45564705984933,141.26257396879652,143.6775665283203,0.006638898336858724,0.010056855602405464,0.012523631898042684,71.48429242530945,0.9414206016939204,1
2021-10-28,148.9407196044922,149.52643805425132,146.1585085567286,146.256135746264,100077900,0.024991426008607043,145.9869842529297,141.71535164969308,143.79881256103516,0.010025425170583286,0.01118703142605051,0.012469392623839747,79.71776103357604,1.2806655662415949,0
2021-10-29,146.23658752441406,146.3732566337639,142.927228830471,143.7179583128391,124953200,-0.01815576081046788,146.06228855678015,142.10118611653647,143.85933685302734,0.012992504015122123,0.011829840944406983,0.012755014390891441,68.44351878582917,1.3161470612371886,0
2021-11-01,145.41661071777344,146.13899838558393,144.2842007193759,145.44589589912687,74588300,-0.0056071932511672085,145.9897744315011,142.39451671781995,143.8743716430664,0.013186249803664772,0.011899169160905871,0.012706141179522535,70.14639210292505,1.2635358711884805,1
2021-11-02,146.4513702392578,147.96450225059075,145.11394928812004,145.12372094423125,69122000,0.007115827527383711,146.17525373186385,142.9002874465216,143.88042388916017,0.01325711115172268,0.010232095860428411,0.012663000708690982,74.03711799397863,1.2904619277509255,1
2021-11-03,147.8864288330078,148.35500663634056,146.25615583539988,146.8125891838913,54511500,0.009798874475571928,146.57271030970983,143.382815406436,143.91693481445313,0.013591755844975871,0.010050655021199485,0.012736115030901513,71.99797164754708,1.411329330795553,0
2021-11-04,147.3690185546875,148.80403696262286,147.0566234619275,147.97426542713765,60394600,-0.0034987002012508706,146.80142429896765,143.79933311825707,143.9676983642578,0.013757180486463384,0.010137888107010306,0.012686026421574308,67.97911254009844,1.4486675949582946,1
2021-11-05,147.89694213867188,148.79636649786093,146.70422366033108,148.49330137784227,65463900,0.003582324081153221,147.1710968017578,144.18102300734748,144.0450296020508,0.01360092570814226,0.010042523560329112,0.012664174118761178,65.61700935924983,1.5035257505608115,0
2021-11-08,147.0757293701172,148.18046407919945,146.80199217243356,148.02403856122066,55020900,-0.00555260140392011,146.90466962541853,144.54173714773995,144.08524139404298,0.009504008726095754,0.010137555158945885,0.012657306954323887,56.55840329150593,1.4638617399309624,1
2021-11-09,147.4374542236328,148.0435844748696,146.70422637098488,146.8410949734435,56787900,0.002459446266660059,147.0762220110212,144.92386082240515,144.0444369506836,0.006194232974107828,0.010111180745945338,0.0118967860199159,56.16657808987785,1.4449593069266768,0
2021-11-10,144.61204528808594,146.77262935345158,144.54361846371455,146.6650887001066,65187100,-0.019163440866669434,146.96128409249442,145.23187255859375,143.97231109619142,0.009762980252767242,0.010906290632019474,0.012142594970143332,46.05284417010307,1.1882941886953517,0
2021-11-11,144.5631866455078,146.0882980655143,144.37743321812488,145.62882237351127,41000000,-0.0003378601172592255,146.69154357910156,145.56544712611608,143.88593231201173,0.00914912495726485,0.010823342194045567,0.01212202984899531,48.14511260805181,0.969763914448663,1
2021-11-12,146.6357879638672,147.03660782102534,144.18190939663026,145.11066161989166,63804000,0.014336992469885956,146.51288059779577,145.86523219517298,143.81874725341797,0.010208743419475563,0.010407368301504811,0.012252489591138048,54.272567064813,0.9528350137034636,1
2021-11-15,146.6455535888672,148.48351596746593,146.08829332480207,147.00727451410145,59222800,6.659782809914638e-05,146.40952845982142,146.1152801513672,143.7390673828125,0.010161894622541072,0.010341942748628798,0.012234660312584949,52.54075995716361,0.9294921354705821,1
2021-11-16,147.62319946289062,148.102247003654,146.00031832566742,146.58690654221206,59256200,0.006666727016929164,146.37042236328125,146.33238874162947,143.6322772216797,0.01043950073881792,0.010152086748521668,0.012062311586706379,56.50429937070663,0.9785998973416099,1
2021-11-17,150.05751037597656,151.53373689410836,147.61341784542643,147.62318884522813,88807000,0.016490029493622105,146.796391078404,146.56268165225075,143.6050210571289,0.011798139171508713,0.010250259257334702,0.012222042833257219,53.365695019010495,1.2001125483147632,1
2021-11-18,154.3395538330078,155.12166644396785,149.62735108476016,150.27259510761894,137827700,0.02853601560030139,147.78240530831474,146.97363862537202,143.68371124267577,0.015239306659608634,0.011817494233298467,0.012834589211045177,72.29924481651192,1.7015733620504534,1
2021-11-19,156.95960998535156,157.41910052968012,153.02950540265965,154.1244539759249,117305600,0.01697592151379812,149.54634312220983,147.49913388206846,143.9143765258789,0.01038159729210015,0.012207599448776994,0.012083085572605306,78.90261440205887,2.284071944941445,1
2021-11-22,157.4191436767578,161.99447854129045,157.3995867561447,158.06437288139423,117467900,0.0029277193760173237,151.3829084123884,148.08323524111793,144.1429086303711,0.009801413493938555,0.012040889444568235,0.012080115217386556,78.27685180522684,2.7510741269204573,1
2021-11-23,157.80039978027344,158.18167763297342,155.5029467463392,157.51687668201387,96041900,0.002421917021086628,152.97785295758928,148.6878146216983,144.4069854736328,0.010402016754781026,0.012006919375395548,0.01197295187205771,77.02863932028414,3.11602134753295,1
2021-11-24,158.31854248046875,158.5140669022848,156.0699743356913,157.1551520319611,69463600,0.0032835322402020584,154.64542279924666,149.28545851934524,144.66365783691407,0.009919822235910838,0.012007514831413697,0.01195869390731087,79.85069411512177,3.4077717631562336,0
2021-11-26,153.30328369140625,156.8618824271744,152.8633499442556,156.00157185337474,76959800,-0.031678277923012144,155.4568634033203,149.66612752278647,144.82471130371093,0.01908897597104467,0.014260465930967008,0.012854222233538172,61.84156348342697,3.1974385185694416,1
2021-11-29,156.65655517578125,157.58530732404222,155.23896961955737,155.8060008585356,88748200,0.021873448523940464,156.3995840890067,150.03354826427642,145.10613037109374,0.019701100719176794,0.014030608169685772,0.012866972668336717,68.88973125509557,3.2637069095291054,1
2021-11-30,161.60342407226562,161.8185054389282,156.34373142534065,156.41217318635103,174048100,0.03157779698994134,157.4372798374721,150.76530238560267,145.54740234375,0.020296946619356885,0.014556850892463032,0.013084589718829554,73.65329631888679,3.6730553681540528,0
2021-12-01,161.0852813720703,166.49161375206606,160.8506430799377,163.73466976035556,152052500,-0.0032062606542520022,158.0266614641462,151.51142955961683,145.96874542236327,0.020037160301911165,0.014479670061014173,0.013114015250573626,79.80205027638097,3.910578470842893,0
2021-12-02,160.09783935546875,160.52800204808736,154.27113083970096,155.19011206164845,136739200,-0.006129933214200967,158.40933227539062,152.16126142229353,146.32308990478515,0.020398536399536937,0.014669444653698311,0.013016644336359703,77.18097009844728,3.973336769678241,0
2021-12-03,158.2207489013672,161.27098610748033,156.14816349171144,160.3520050545032,118023100,-0.011724645764480401,158.4693821498326,152.6533719017392,146.6207601928711,0.021106644447112098,0.015017757122672956,0.013153277612050032,70.40983544860498,3.8274867764764338,1
2021-12-06,161.62298583984375,164.12573463510114,160.60623481829575,160.61600581977925,107497000,0.02150310222964169,158.94144548688615,153.33213224865142,146.98471771240236,0.022569606654757372,0.01543466916869487,0.013435055131707218,73.56921089470993,3.9410022723195652,1
2021-12-07,167.35191345214844,167.7429772469704,164.57542763792551,165.2988844701773,120405400,0.03544624288763987,160.9483925955636,154.25855945405505,147.493515625,0.01931976862830669,0.0168401606163913,0.014083709824892668,77.00744670851306,4.442035678052093,1
2021-12-08,171.1647186279297,172.02504411674911,166.882663021836,168.28069194116756,116998900,0.02278315853778068,163.02098737444197,155.40565418061755,148.14612396240236,0.019394183681128364,0.01699957840867998,0.01378520004739607,77.84366123245583,5.08811712758515,0
2021-12-09,170.65634155273438,172.7973693361273,170.03065436230736,170.9985205283445,108923700,-0.002970104349018343,164.31426130022322,156.51131548200334,148.77060302734375,0.01820622238627914,0.017119124728557582,0.01381987745832715,73.90429225132505,5.49576776008027,1
2021-12-10,175.43701171875,175.61299419110293,170.78346350878363,171.29183908522813,115402700,0.028013434030743856,166.36450849260603,157.97917102632067,149.5166619873047,0.018828967268557165,0.016583588739894566,0.01408384697173508,75.45796309385305,6.133886328582491,0
2021-12-13,171.80992126464844,178.0570207166816,171.60461094345368,177.06959785970832,153237000,-0.020674602346261395,168.03766305106026,159.2766345796131,150.16772705078125,0.021786975373995987,0.017733041423625327,0.014530633899735931,68.23575771919323,6.274594386442715,0
2021-12-14,170.4315185546875,173.76526545026528,168.35893217623416,171.33094311359295,139380400,-0.008022835350920743,169.7820587158203,160.4097646077474,150.85975372314454,0.021199154417673463,0.018027925704960802,0.014038000719296399,65.6114249892786,6.203372342245785,1
2021-12-15,175.29034423828125,175.4858686850592,168.45665517933287,171.19404218690133,131063300,0.028508961985424408,171.73453848702567,161.7738022577195,151.61049377441407,0.02193743569326036,0.01851589987610685,0.014379031376655197,68.94368384909691,6.464476523492181,0
2021-12-16,168.4077606201172,177.08918279763162,166.93153397693786,175.27077720416733,150185800,-0.039263906110014846,171.88537379673548,162.76354326520647,152.2062060546875,0.0262959080264267,0.021274730638905816,0.01567587775404341,66.18473170663117,6.04633806890584,0
2021-12-17,167.3128204345703,169.59071677301714,165.89524955752734,166.12987292514003,195432700,-0.006501720476034145,171.33510262625558,163.58522469656808,152.75483337402343,0.024561490548812584,0.021326894670425558,0.015728007887157246,61.99910861771487,5.562486922232978,0
2021-12-20,165.95388793945312,166.76532847471316,163.71510567618958,164.51676029378936,107499100,-0.008122106193581335,170.66332353864397,164.13828822544642,153.283896484375,0.024637963437297978,0.020834206813620547,0.01579148382870951,55.32929985928699,5.011606230246514,1
2021-12-21,169.12144470214844,169.3267401361631,165.3379790393109,167.72341591348743,91185900,0.019086969290234235,169.76109967912947,164.71742321196058,153.8780682373047,0.022890614059214383,0.02090659768300693,0.015929258399919297,59.24421992712158,4.775574817534846,1
2021-12-22,171.71217346191406,171.9272548095711,168.300214735498,169.17031112645324,92135300,0.01531874780474074,169.74713570731026,165.39804367792038,154.54943572998047,0.022824893203897852,0.021056013786878235,0.01589381712809983,62.88501052764154,4.742895237784381,1
2021-12-23,172.33787536621094,172.8951357013555,171.35046721642092,171.9174985527305,68356600,0.0036438995074257186,170.01947239467077,166.09030442010788,155.2450308227539,0.022553546976601606,0.021052083239984167,0.01584454120240414,66.10890215423788,4.713155032478966,1
2021-12-27,176.2973175048828,176.38530127238838,173.11022561335014,173.12976761664484,74919600,0.02297488076987264,170.163325718471,166.9464365641276,155.96417114257812,0.021535701679310747,0.021434169922428255,0.015904387015990087,66.53446389966986,4.951996067504325,0
2021-12-28,175.28054809570312,177.2749361221624,174.5375492742612,176.1311025117923,79144300,-0.005767356098038912,171.14515250069755,167.9929729643322,156.6418911743164,0.013201870748534796,0.019885663084586544,0.01596715951524403,59.995044901730935,5.001579420509813,1
2021-12-29,175.3685760498047,176.59062262185972,174.15630048000423,175.31969120341034,62348900,0.0005022117688353589,172.2959747314453,168.88402157738096,157.28798431396484,0.01235176132987437,0.019609223705446967,0.015940600100788255,55.84875570855745,4.990450893755735,0
2021-12-30,174.21490478515625,176.53191454419968,174.10736412193012,175.4565079119385,59773000,-0.00657855181717848,173.4761199951172,169.48456827799478,157.86785522460937,0.012050972650950755,0.018831234106290857,0.015933310330024878,54.86363860079098,4.832829971127381,0
2021-12-31,173.59901428222656,175.22188041192248,173.29593427269404,174.1073747963206,64062300,-0.003535234276821564,174.1157727922712,170.08046032133558,158.4256463623047,0.011286506956352015,0.018837448954397068,0.015966748790136414,47.16520841972283,4.605131943522423,1
2022-01-03,177.93972778320312,178.79028222604728,173.73590007898758,173.85321176039008,104487900,0.025004252005254468,175.00542340959822,170.9300740559896,159.0659567260742,0.013341435926015506,0.01924282984223897,0.016246121934346526,59.25053112094728,4.720523660507865,0
2022-01-04,175.681396484375,178.8489462858369,175.1143651356069,178.5458811499138,99310400,-0.012691551948306956,175.48306928362166,171.76153346470423,159.67652435302733,0.014982217473047522,0.019286509018334213,0.01636679757079671,57.71765862814925,4.576983350427469,0
2022-01-05,171.00827026367188,176.14086475419518,170.73453308424857,175.59339039534856,94537600,-0.026600006114584573,174.7274911063058,172.20845177060082,160.19460510253907,0.015585312319086542,0.0200900076808952,0.016919486208053485,43.67051778019964,4.039578641443143,0
2022-01-06,168.15357971191406,171.3797850968752,167.80162976232634,168.83792269234627,96904000,-0.016693289437734515,173.70935276576452,172.24662635439918,160.64231628417969,0.016294951212639325,0.019059956921598523,0.01715582947920946,49.573500826473364,3.3447753793756476,1
2022-01-07,168.3197479248047,170.24569386432273,167.20524242477114,169.02364770562122,86709100,0.0009881931337727412,172.70237731933594,172.11115155901228,161.10252655029296,0.01632727511478424,0.018360815579008885,0.017135517905157365,51.74391440205327,2.7755523348596114,1
2022-01-10,168.33932495117188,168.64239004792708,164.40921985835627,165.2988731483881,106765600,0.00011630855326583145,171.8630087716239,172.00081743512834,161.49049865722657,0.016464752486102383,0.01835355858385561,0.016845256625340924,54.33236967307974,2.2995113381557246,1
2022-01-11,171.1647186279297,171.26247339503044,166.9999896269401,168.46644539148625,76138300,0.01678391948867164,171.51525224958147,171.79737490699404,161.98906127929686,0.018397091803086855,0.017630933624025763,0.01669106900151716,53.75764392123057,2.1257270176515135,1
2022-01-12,171.60464477539062,173.21774007794218,170.91053076473975,172.18144710369126,74805200,0.002570191748553219,170.61024039132255,171.78759983607702,162.51282196044923,0.014470059402160876,0.017055908887916752,0.01664210839779745,49.7852641278652,2.0004402253998137,0
2022-01-13,168.33932495117188,172.6702498945838,167.94826118313495,171.8490383580425,84505800,-0.019028155260556345,169.5613730294364,171.68797156924293,162.9505810546875,0.015205459985616763,0.017481165201027656,0.016932844017203925,42.776414496734276,1.619002664576584,1
2022-01-14,169.1996612548828,169.89377524696252,167.26392904254132,167.50833831927105,80440800,0.0051107268248846704,169.3030003138951,171.39793904622397,163.376845703125,0.012526162094729594,0.016245651677347126,0.016906992759484787,35.56092230900083,1.3703362161982966,0
2022-01-18,166.0027618408203,168.68147761318977,165.62148401611884,167.6745127192973,90956700,-0.018894242401860883,168.99574061802454,171.28341529482887,163.74952056884766,0.01299152794222562,0.014382984749530335,0.017162973954853906,32.66357477145807,0.9048723935128749,0
2022-01-19,162.51260375976562,167.25414945182573,162.22909557704548,166.19829964047344,94815000,-0.021024698880620973,168.16614859444755,171.0548335484096,164.04183380126952,0.014758178615785841,0.01501682028361649,0.017481967798529757,28.68719135435518,0.25146365538731175,0
2022-01-20,160.8310546875,165.8854360990158,160.50843269303434,163.24581922868165,91420500,-0.010347191746132967,167.09353855678015,170.8108891078404,164.3169403076172,0.014694067450894374,0.015075263139486126,0.01753750466441748,28.193731621431056,-0.3974726170614531,0
2022-01-21,158.77804565429688,162.6103813121943,158.67050497614542,160.74309086318223,122848900,-0.012765003855705559,165.32401384626115,170.31834629603796,164.54375213623047,0.010595046809180012,0.014504203226035725,0.017660043925668372,26.932486984392668,-1.065141669439953,0
2022-01-24,158.00572204589844,158.67052310978175,151.24047430258736,156.44151145113543,162294600,-0.004864171272645601,163.38131059919084,169.66565813337053,164.8116256713867,0.009351482224631747,0.013892359089596311,0.01743063905586013,15.09763029528736,-1.637715697250428,0
2022-01-25,156.20684814453125,159.1202024043847,153.5085752311325,155.4247355135648,115798400,-0.011384865548379586,161.6480996268136,168.8975139799572,165.04449890136718,0.008780304727147716,0.013873468543071586,0.017529597338574808,15.344511857359777,-2.21115006789762,0
2022-01-26,156.11883544921875,160.7137257927372,154.29065926080548,159.84362956793808,108275300,-0.0005634368554128244,159.77941022600447,167.93663388206846,165.23415985107422,0.007210157808724075,0.012409808264955633,0.017436805556158196,18.336839946576603,-2.642244675091746,0
2022-01-27,155.65939331054688,160.17607231774176,154.74041197266266,158.81715723147198,121954600,-0.0029429001141974,158.3017861502511,167.0022931780134,165.4144366455078,0.006965708241110566,0.012424318428450782,0.017446703726961447,20.416742839016337,-2.9865364647237413,1
2022-01-28,166.52093505859375,166.54049197821774,159.15932862262193,162.00425626677838,179935700,0.06977761840801766,158.87440490722656,166.58097694033668,165.79239135742188,0.029432773891326012,0.020613422427637997,0.019943964136873535,47.17277700367651,-2.355798365990381,1
2022-01-31,170.8714141845703,171.0864955438015,165.71926239899202,166.35473547583268,115541600,0.026125718813948318,160.3087419782366,166.42176310221353,166.20866943359374,0.029728644329624063,0.021488076846371384,0.020126588700153117,53.502850737856654,-1.487736867007527,0
2022-02-01,170.70521545410156,170.93006781127377,168.45664712970438,170.1186272242385,86213900,-0.0009726538008822949,162.0126233782087,166.28396315801712,166.53598266601563,0.028598765310028196,0.021478489854557074,0.01978622094227055,49.31384808322229,-0.8039354560810636,1
2022-02-02,171.90769958496094,171.94681342176997,169.45383589849953,170.84207875406224,84914300,0.0070442143648663524,163.99862016950334,165.99672372000558,166.8349444580078,0.027860552672145166,0.020753948984918,0.019684524976750967,50.44245934413272,-0.16310729228288778,0
2022-02-03,169.033447265625,172.29876649074853,168.27089152715303,170.57811566132818,89418100,-0.016719741618759887,165.83099147251673,165.68015470958892,167.06723052978515,0.02868178421150243,0.020881358325232132,0.01986111914837841,51.025123064344996,0.1115397426807192,0
2022-02-04,168.7495880126953,170.4234840013588,167.07569202403184,168.05457472378333,82465400,-0.0016793081932691134,167.63538469587053,165.57259841192337,167.2862142944336,0.028764145496232133,0.020084418390248077,0.019866190373853163,49.32378960264615,0.3028038924306884,0
2022-02-07,168.03501892089844,170.27665387927516,167.3400055860888,169.20967525085985,77251200,-0.004234493845064136,169.40333121163505,165.56695265997024,167.4805438232422,0.028876299608862677,0.01976190802213677,0.01988112218593485,53.299466480635154,0.3922013028044944,1
2022-02-08,171.13807678222656,171.6471000057892,167.80986639624405,168.1035342150904,74829200,0.01846673319201919,170.06292288643974,165.70115879603796,167.8372396850586,0.014504007031221013,0.020163088274162216,0.01943915767887205,64.18213010310964,0.7053098576727734,1
2022-02-09,172.55743408203125,172.91961588647231,171.20657123174874,172.3322952525055,71285000,0.008293638251006152,170.3037828717913,165.90202113560267,168.1552572631836,0.011149097832583959,0.020224447980328655,0.019255331981211505,69.44836982928962,1.0558101925805374,0
2022-02-10,168.48529052734375,171.7743370940817,167.92733513885554,170.462637822063,90865900,-0.02359877206305505,169.98665073939733,165.77442932128906,168.29289459228517,0.014688796046663058,0.020601810166683894,0.019112902298337786,65.08901507065704,0.9935433316063609,0
2022-02-11,165.07876586914062,169.42500712943504,164.49143031742815,168.6908451580762,98670700,-0.020218528558433868,169.01108877999442,165.4636731828962,168.37276428222657,0.015549644809013012,0.021024868503720217,0.01933959440509507,60.16218669227278,0.661690766010878,1
2022-02-14,165.31370544433594,165.99892030677,163.04269054419584,163.83558309476695,86185500,0.0014231968233973102,168.47969709123885,165.31959606352308,168.4770816040039,0.014899351660636535,0.02064943123181008,0.019314871110628098,63.699935405706796,0.4128933002064912,1
2022-02-15,169.14114379882812,169.29776862360237,166.65478818594016,167.3595849608588,62527400,0.023152577363169335,168.53563363211495,165.31680951799666,168.69548950195312,0.017934849137009788,0.021267819833887206,0.01948157312144272,67.60899905004709,0.5185838917414003,0
2022-02-16,168.90618896484375,169.67949961629867,166.4589825612284,168.22097415914394,61177400,-0.0013891051503341911,168.66008649553572,165.45506795247397,168.84115356445312,0.017842481507578948,0.020820611249870898,0.019270200918290507,68.02196825829145,0.5767372870507188,0
2022-02-17,165.31370544433594,168.27971865617212,164.91235997613748,167.4182971510757,69589300,-0.02126910530943038,167.82803344726562,165.5884537469773,168.80038940429688,0.01763286989609685,0.020833618715404824,0.018869980544205234,47.95265039869453,0.32914667732890734,0
2022-02-18,163.76705932617188,166.93862933962222,162.68049906023276,166.23384762062662,82772700,-0.009355825120530237,166.572265625,165.72826349167596,168.65243621826173,0.016684771113587155,0.020807690109815927,0.0186212895858831,36.68544733586551,0.008035293592683956,0
2022-02-22,160.85000610351562,163.16995323151656,158.72581758393332,161.49605730830203,91162800,-0.017812209822040015,165.48151070731026,165.8269282749721,168.45630950927733,0.015867260983358993,0.02100362764753702,0.01877562578550025,33.25639067376157,-0.4763386720375138,0
2022-02-23,156.68975830078125,162.6413518716535,156.37650867254357,162.04423283731927,90009200,-0.025864144512727116,164.2830810546875,165.7642633347284,168.08136444091798,0.01679726473363258,0.02177372093339291,0.018621229754527638,26.506478766803497,-1.1822772029113366,1
2022-02-24,159.3033447265625,159.41102239990326,148.79014121364656,149.357894860665,141147500,0.016680008024291038,163.42445809500558,165.91171555292038,167.83123291015625,0.018967718410443594,0.02191226385811167,0.01860971784077812,34.85674905222881,-1.5133984771472058,1
2022-02-25,161.3688507080078,161.63313833449817,157.47288604382865,160.38016942776312,91974200,0.01296586700668878,162.31413051060267,166.1617162795294,167.64997955322266,0.016690965781840112,0.022057492384640623,0.018692493461412173,39.11668829661043,-1.5908075626907987,1
2022-02-28,161.63308715820312,161.92675492011216,158.99989062280463,159.61659142915732,95056600,0.0016374687496127915,161.27511596679688,166.44617789132255,167.3768344116211,0.016885839493344892,0.022030841942021682,0.018209067823524584,40.432933600581926,-1.6122481543382605,0
2022-03-01,159.753662109375,163.08187242749526,158.54964050687724,161.2219862371019,83474400,-0.011627724755319369,160.48082406180245,166.1239267985026,167.20375244140624,0.01580527234457399,0.01579085047642124,0.01744140396867365,32.34128101800549,-1.7605987852581677,1
2022-03-02,163.04269409179688,163.82580321014547,159.50892707803538,160.91852050375005,79724800,0.02058814764552963,160.3773433140346,165.75113060360863,167.11834991455078,0.018223789573628923,0.015340036969638208,0.01768316417126827,36.0504936346057,-1.5943911865519738,0
2022-03-03,162.7196502685547,165.3430634011942,162.05401727070716,164.91235266773373,76678400,-0.0019813449786367787,160.6444353376116,165.37086559477308,167.0536651611328,0.016628357172754044,0.015337848547040001,0.01764948730669314,40.50301781533996,-1.4717717354419335,0
2022-03-04,159.72430419921875,162.05405003585454,158.67690737340956,161.01643666085187,83737200,-0.01840801688297866,161.07794189453125,164.79070390973772,166.86572235107423,0.01468877341075836,0.01557736892918751,0.017607930244345857,41.05918958666046,-1.597875023032742,0
2022-03-07,155.93601989746094,161.5352302369313,155.68150083148916,159.91028134097652,96418800,-0.023717644730089527,160.5968954903739,164.1670168922061,166.55019927978515,0.016201280874028647,0.015947487489451625,0.01773489094703671,36.002319523996505,-1.980663810624094,0
2022-03-08,154.11526489257812,159.4403881412621,152.50989817230385,155.4661275372027,131148300,-0.011676295227235456,159.5606689453125,163.4701443626767,166.1857470703125,0.014785837791581682,0.01603276258311592,0.017771687927386814,26.142279558555032,-2.403243302025345,1
2022-03-09,159.50892639160156,159.95921898709753,156.04368834876885,158.06996768709067,91454900,0.034997581211588136,159.25721740722656,163.0641399565197,165.84997924804688,0.021623956787720645,0.01817029848418923,0.018193921738796182,37.17948130794234,-2.276673116710782,0
2022-03-10,155.1724853515625,157.0029911685478,152.6861150001443,156.81700107101284,105342000,-0.027186196648286032,158.60276358468192,162.30387369791666,165.44781799316405,0.02353122305987911,0.018289635756913357,0.018537205035398158,36.43977711626312,-2.4974903693966723,0
2022-03-11,151.4625244140625,155.9164439341305,151.23738556277695,155.57382899544626,96970100,-0.0239086261272069,156.94845363071985,161.29935418991815,164.96969696044923,0.02175266138336951,0.018512512634292766,0.01878259043338412,34.44691750437822,-2.937985210596196,0
2022-03-14,147.4393310546875,150.865421052167,146.93032272367594,148.2518056179064,108732100,-0.02656230229186296,154.7655508858817,160.2971656436012,164.43418548583983,0.0221718881808726,0.018663835692052096,0.019075914534423213,33.50986463890199,-3.570559440083315,1
2022-03-15,151.81488037109375,152.2847547162285,147.204352250739,147.7133603864597,92964300,0.029676947698462408,153.63563319614954,159.6655520484561,163.9985028076172,0.027344575990076007,0.01991944758171527,0.019632553238740236,44.0372872979363,-3.676429224952983,1
2022-03-16,156.21987915039062,156.6212246232631,151.19822129277074,153.73352378158447,102300200,0.029015592994108053,153.67618451799666,159.23251270112536,163.56410583496094,0.029147179586486653,0.021152524545069443,0.019755019729366233,46.38679809353794,-3.366083094237979,1
2022-03-17,157.2281036376953,157.6000837703935,154.30125449850178,155.26055517399735,75615400,0.006453880855547656,154.1208757672991,158.66522507440476,163.19503997802735,0.028673854610404715,0.02044278526649128,0.019737231872570947,45.02459394505653,-3.004146330796061,1
2022-03-18,160.51719665527344,161.00663805311925,156.3863100625295,157.12047215929823,123511700,0.02091924370694742,154.2649143763951,158.26574925013952,162.98521850585936,0.02648288845188415,0.021114199156737817,0.019673886927127404,48.750038884488625,-2.4239645650926605,1
2022-03-21,161.8876190185547,162.83713639325782,159.56765695852218,160.05709828830467,95811400,0.008537542343356241,155.2242191859654,158.10260227748327,162.85989929199218,0.023358525445596717,0.02076801858192178,0.019588585414118183,52.41791676478307,-1.832461231757378,1
2022-03-22,165.25497436523438,165.84229498697945,161.42753966012307,162.01486028186812,81532000,0.020800573676321266,157.19456917898995,158.17345537458147,162.7986038208008,0.01951690950188607,0.021184659013332437,0.01981984159268949,52.502221182103796,-1.079529005827851,1
2022-03-23,166.61563110351562,168.99430889731204,164.1096788423283,164.44251031244588,98062700,0.008233680973947832,159.93404061453683,158.44800894601005,162.76412994384765,0.009928865188508525,0.020809195239565627,0.019855507914111194,54.30552759141576,-0.36878009749221974,1
2022-03-24,170.3940887451172,170.46260275503545,166.6156015912022,167.44764277770662,90131400,0.022677690061708944,162.58821323939733,159.10059611002603,162.7487173461914,0.008806255074269529,0.02026156163141545,0.019974410320788605,61.59077505222235,0.4936925069154938,1
2022-03-25,171.0303497314453,171.5785215356228,169.10195003253148,170.2080920251791,80546200,0.0037340555122182817,164.70399475097656,159.65902491978235,162.7372314453125,0.00804719009899925,0.02005866368854564,0.01997802193101406,67.60270447830459,1.2145486431025176,1
2022-03-28,171.8917999267578,172.0190445148475,168.36781639958284,168.53422465828777,90371900,0.005036826485270929,166.79880850655692,160.16011773972284,162.80828094482422,0.00825592321696363,0.019947463959910035,0.019796198016267266,71.20509037349622,1.8342006326973035,1
2022-03-29,175.1808319091797,175.22976408859992,172.61614940998814,172.95876428530602,100589400,0.019134315795304557,168.89361354282923,160.8052484421503,162.92790435791017,0.007988336335820535,0.02024208580028914,0.019959965346462355,69.68283596391038,2.5611533110892992,0
2022-03-30,174.01597595214844,175.81711647524634,172.96856432856262,174.77950323773482,92633200,-0.0066494487115756895,170.62623596191406,161.48440624418714,163.08816864013673,0.010830304294733625,0.02007796765936191,0.019786660986105913,75.71471347534802,3.0085932156949298,0
2022-03-31,170.92271423339844,174.27049138056103,170.7171422878286,174.0845012718467,103049300,-0.017775734106163843,171.4359130859375,161.8596452985491,163.25637084960937,0.014016246981625381,0.020263652008321923,0.01971762459773671,77.01092557536859,3.078109662358088,0
2022-04-01,170.62904357910156,171.18701389593227,168.30909632537671,170.35495761395958,78751300,-0.0017181487879712742,172.00925772530692,162.23628307524183,163.4523306274414,0.014127567435551746,0.020260858385128578,0.019652166682130382,85.90484758594067,3.074069223220249,1
2022-04-04,174.67181396484375,174.72076108227714,170.75628355518236,170.8835430731966,76468400,0.02369333087111869,172.620361328125,162.94806925455728,163.77020599365235,0.01436074489888371,0.02017572841227011,0.01979284748023948,85.75808616972316,3.3583717108128326,0
2022-04-05,171.36322021484375,174.53480585728352,170.7367358216346,173.75169663163055,73401800,-0.018941772429671544,172.66791425432478,163.68269784109933,164.03735595703125,0.016701779859661762,0.019866745611502774,0.019993044013152897,74.5322858936773,3.2789103781766755,0
2022-04-06,168.201416015625,169.9634078617043,166.537318414103,168.7202226513366,89058800,-0.018450891593042473,172.14071655273438,164.3534669421968,164.27724731445312,0.01792857957410217,0.02019803598242622,0.020112887867735914,66.61732553179593,2.927064151493539,1
2022-04-07,168.5048370361328,169.69907490999924,166.2632026288955,167.5455363451221,77594700,0.0018039147808341927,171.18700299944197,164.78184363955543,164.5249673461914,0.01538555308980005,0.018940852248808385,0.020110292762012635,63.29854311957557,2.642248822805186,0
2022-04-08,166.49815368652344,168.15246782773184,165.62694868711696,168.15246782773184,76575500,-0.011908758139560605,170.11302839006697,165.32116117931548,164.74174255371094,0.01558195557467778,0.018002194102659946,0.02019256160344472,57.51678212984284,2.2289145080770254,0
2022-04-11,162.2498016357422,165.4605355802755,162.00508096962494,165.14730089465874,72246700,-0.02551591087778604,168.87404087611608,165.83484104701452,164.6563198852539,0.016770796294600196,0.018127594084816828,0.017998978830723482,45.237334065901116,1.5407764681783647,1
2022-04-12,164.11947631835938,166.28279871101802,163.12101178667447,164.47187468621496,79265200,0.011523432779379839,167.94410269601005,166.62913367861793,164.52128112792968,0.018190840367512593,0.016835214767875157,0.01767601145526789,46.1068495915224,1.1332261099688026,1
2022-04-13,166.80162048339844,167.42810486793778,163.24828613297083,163.85518867958416,70618900,0.016342631753444303,166.81978934151786,167.34278796968005,164.44320922851563,0.016350577114281607,0.016103464743420674,0.017838494353302956,44.1985802740493,1.0149662343949615,0
2022-04-14,161.7995147705078,167.6532440657547,161.55479409572018,167.01696134936807,75329400,-0.02998835202196659,165.45354570661272,167.60848490397134,164.24104553222656,0.018187146579073145,0.016767267169021945,0.018290130919961758,36.93545907040467,0.5117175429951715,0
2022-04-18,161.5841522216797,163.0818413516457,160.11582837374732,160.45842830966066,69023900,-0.0013310457026622924,164.50822230747767,167.81591578892298,164.09205963134767,0.017696357196425434,0.016745431031233222,0.018149963285055536,35.13965846305736,0.0944229228410336,1
2022-04-19,163.86495971679688,164.27610359926777,160.44866861751814,161.53522902332887,67723800,0.01411529202435724,163.8453826904297,167.97533307756697,163.99436706542969,0.019108224115536008,0.016412119252128828,0.018270324492486917,33.19766343261162,-0.05164859388395371,0
2022-04-20,163.69854736328125,165.31371275678185,162.59242008519655,165.19623667762264,67929800,-0.0010155456895923898,163.4454389299665,168.06156776064918,163.90763763427734,0.018780758262310532,0.016328190756247706,0.018262292004215558,34.21207597110853,-0.17877856146878912,0
2022-04-21,162.90562438964844,167.9077145784473,162.4063996901802,165.343047199771,87227800,-0.004843799694038475,163.53912789481026,167.94969395228796,163.74298858642578,0.01592369429004218,0.015692965407584834,0.018068393658429348,36.80302495983699,-0.33959756460745893,0
2022-04-22,158.37339782714844,164.32500539707067,158.08952846576778,162.9447923826861,84882400,-0.027821179161129028,162.71825953892298,167.55720665341332,163.4593078613281,0.018236674624950096,0.01662683757847185,0.01841494178572842,32.29632483636158,-0.8232704402618651,1
2022-04-25,159.4404296875,159.72429911751857,155.11376965466397,157.71758646013552,96046400,0.0067374437562812695,161.66666085379464,167.03560384114584,163.27841064453125,0.016662304900374205,0.01577233966735137,0.01817173816801882,25.928307059233205,-1.1077150754586569,0
2022-04-26,153.48878479003906,158.91178747297153,153.41047239469103,158.8236916294158,95623200,-0.03732832951545628,160.47941371372767,166.2002912248884,163.0466110229492,0.01852753902964677,0.017356334362685896,0.018695708708035167,23.92922145469646,-1.7927221167868481,0
2022-04-27,153.26365661621094,156.41564486229873,152.0987839265491,152.61759051221244,88063200,-0.0014667402190725598,159.290771484375,165.313236781529,162.80561004638673,0.01852025503116188,0.01722591019940382,0.018691637348030567,26.171199349610916,-2.326937606146629,1
2022-04-28,160.1843719482422,161.04579354437072,155.57382764277364,155.88707729102595,130216800,0.045155619308767214,158.76497323172433,164.599119640532,162.626474609375,0.026514053722495615,0.019813368050234065,0.01952069077242274,39.04083324155306,-2.1668848421936104,0
2022-04-29,154.3208465576172,162.69029635210208,153.92929946524063,158.42236732431553,131747600,-0.03660485301599581,157.42530168805803,163.6612563360305,162.33476776123047,0.02934456408922889,0.021048479431232503,0.02016337888648716,35.44013182572499,-2.4845391484091124,1
2022-05-02,154.6243133544922,154.88860092145774,150.0333512355366,153.4007100151784,123055300,0.0019664666417034127,156.24225725446428,162.88514200846353,162.12097991943358,0.02957954865804902,0.02091286983676148,0.01996774367459691,39.93286211108855,-2.680891590868157,1
2022-05-03,156.11221313476562,157.31624964341847,153.01895506893698,154.81029731534235,88966500,0.009622676718778811,155.91923086983817,162.19386436825707,161.96788299560546,0.02856590770212661,0.02113496435167545,0.019988765013347874,39.321198386999626,-2.6854846434752915,1
2022-05-04,162.51412963867188,162.96440737050813,155.89687222909777,156.29821776928353,108256500,0.041008428330842506,156.35833086286272,161.61492701939173,162.0011654663086,0.03286658281203429,0.022559608137442327,0.02068359347107761,44.79814426386109,-2.1477851813205575,0
2022-05-05,153.45944213867188,160.61507214954577,151.67786848905013,160.38993331507154,130525300,-0.05571630922266191,156.35413905552454,160.76236615862166,161.9365591430664,0.03710640451463981,0.02512507260359943,0.021855306757542766,40.78724921243053,-2.424345743093113,1
2022-05-06,154.1848602294922,156.30235682996496,151.1458596477854,152.93984857664353,116124600,0.004727099751638653,156.4857395717076,160.09491112118675,161.834189453125,0.03712368496615719,0.02501065655042485,0.021732130022442057,41.91754738265343,-2.555528264381195,0
2022-05-09,149.06756591796875,152.763379211531,148.50879088738637,151.88108159062776,131577900,-0.033189343648311165,154.89762442452567,159.16932678222656,161.58816375732422,0.03337181349134393,0.025770349919644473,0.022128547570717735,34.77956659145613,-3.0374009738380323,1
2022-05-10,151.4693603515625,153.65548649022554,149.92045170349726,152.4594939260044,115366700,0.016112119486243248,154.49026925223214,158.45366995675224,161.3848892211914,0.03222772081631781,0.02614471660810348,0.02226262158780317,37.97421060181464,-3.18872617915045,0
2022-05-11,143.61703491210938,152.39090538432075,142.94061098912724,150.47928231405317,142689800,-0.051841015379135214,152.9178009033203,157.56639535086495,161.0621566772461,0.03711235597959702,0.027798337476175085,0.023352111718528502,33.34464686114164,-3.8973433844182352,0
2022-05-12,139.7545623779297,143.32293029647687,136.0685607235715,139.96043637411066,182602000,-0.02689425064751849,150.58099365234375,156.40616135370163,160.59639404296874,0.03647231886941705,0.02789146557348995,0.023386096032487123,33.73483793809288,-4.7162311019909,1
2022-05-13,144.2149658203125,145.18548861119154,140.29368337256668,141.7445536898511,113990900,0.03191597731400586,147.96682739257812,155.33060636974517,160.2263003540039,0.03423369190880278,0.028744124588558274,0.02389632220872633,37.44368119491755,-4.948247915488878,0
2022-05-16,142.67593383789062,144.61698048840304,141.34269647322668,142.68574662285644,86643800,-0.010671791056272584,146.42632620675224,154.41995965866815,159.88533294677734,0.029523885917467883,0.028260181823777795,0.02381367877031684,40.3827774832751,-5.196408962662133,1
2022-05-17,146.3031005859375,146.8226694807634,143.7934664467187,145.9305738468132,78336300,0.02542241463208561,145.30036054338728,153.6922905331566,159.69267456054686,0.03216026255812977,0.029053602953138018,0.023911877799006217,44.16238198187776,-5.042272162595708,0
2022-05-18,138.04879760742188,144.46008977155722,137.14688920750964,143.9601314929513,109742900,-0.05641919375226845,143.72625078473772,152.46294948032923,159.37134521484376,0.036249166004117525,0.03083872095560907,0.02512622147662232,31.84171057878885,-5.522510837039533,0
2022-05-19,134.64707946777344,138.87226008655338,133.91183880440775,137.12729010884627,136095600,-0.02464141809711462,141.32306780133928,151.07954624720983,158.8741082763672,0.03452441975476062,0.031014137617478926,0.024752281018909965,33.181910438135915,-6.1071937431194385,1
2022-05-20,134.88235473632812,137.93115346240322,130.00036063657,136.3528361484188,137426100,0.0017473477292242467,140.07525634765625,149.74510483514695,158.4683056640625,0.031061897812794895,0.03108942110703901,0.024514291721701605,33.10391840625796,-6.476912594059513,1
2022-05-23,140.29373168945312,140.44077384848245,134.94117272312687,135.07841705772444,117726300,0.040119235490093,140.15228053501673,148.88416835239954,158.24492980957032,0.03457785910050533,0.03248051823513862,0.025039920820519916,37.31379045849411,-6.261090596751188,0
2022-05-24,137.5978546142578,139.17617200488684,134.62748321427134,138.03899606760518,104132700,-0.019215948159129193,139.20697893415178,147.8440457298642,158.04810028076173,0.03230083733335811,0.03249537171795878,0.024909405202260718,28.754571653471587,-6.235703549624901,1
2022-05-25,137.75469970703125,138.99969650386015,135.61759232548434,135.7058176181396,92482700,0.0011398803652362677,138.50394548688615,147.09480358305433,157.76689666748047,0.032339052607857,0.031745369432871276,0.02451422737466015,34.21357941448768,-6.132239405021238,1
2022-05-26,140.9504852294922,141.4994623353571,134.4411574798717,134.68623761345452,90601500,0.023199103400882493,137.7392861502511,146.50846208844865,157.4615087890625,0.032004813064447336,0.032320280246517584,0.024379189859409026,37.32622896394353,-5.726360225491334,1
2022-05-27,146.6951904296875,146.73439667634008,142.4013809336445,142.5288274126525,90978500,0.040756902616134516,138.97448512486048,145.86612011137464,157.25085052490235,0.02652290779773428,0.03200201426802053,0.025087471738453517,47.75509390787158,-4.884838969428216,0
2022-05-31,145.91094970703125,147.69514080945274,143.9503080341332,146.1364342695409,103718400,-0.005346056134213462,140.58360944475447,145.4656488327753,156.9587255859375,0.023241792199799705,0.03110892503585638,0.024891749779754384,44.57414591161844,-4.232420276947607,0
2022-06-01,145.7835235595703,148.75389460714223,144.7737792988703,146.95009283292427,74286600,-0.0008733144957029371,142.1409192766462,145.0446588425409,156.6366436767578,0.023450344640333447,0.03109607820937221,0.024849069373299493,52.49040989688118,-3.683198369793587,1
2022-06-02,148.23434448242188,148.29316134885798,143.96994216366954,144.92085472708317,72348100,0.016811371155054378,143.2752925327846,144.66952224004837,156.29623107910157,0.020109110111591347,0.03127335923070515,0.02478137222039755,60.074595343646536,-3.0154154530233086,0
2022-06-03,142.51902770996094,145.05805472503135,141.61713446378366,144.00910439920688,88570300,-0.038555955385485396,143.9783172607422,143.71737452915735,155.81429901123047,0.0251733361155527,0.03061598192618546,0.025270706227276663,48.04344435474416,-2.9137827057440973,1
2022-06-06,143.2641143798828,145.64630225545608,142.04851092055418,144.13659949613532,71598400,0.005227980304764568,144.765376499721,143.23188273111978,155.27169952392578,0.02510794991272796,0.028458419703359605,0.02503096546481343,50.69122986087177,-2.7415132952524175,1
2022-06-07,145.7835235595703,146.06781003090646,141.26424373812603,141.50932395629872,67808200,0.017585765916277918,145.455810546875,142.83181908017113,154.76676300048828,0.024546294424037947,0.028766930157302358,0.025184928932359695,49.373069783661116,-2.374323557082988,0
2022-06-08,145.0482635498047,146.92066479832334,144.5581031788664,145.6560576230458,53950200,-0.005043505547217664,145.2205352783203,142.64042372930618,154.22989227294923,0.01891080042022765,0.02789670980479196,0.02516062551640506,60.31786947377892,-2.1182346911243144,0
2022-06-09,139.8330078125,145.0385107098106,139.72517188798733,144.1856360986281,69473000,-0.03595531314660616,144.35225786481584,142.08631170363654,153.5229357910156,0.023046759191465146,0.028611270990576365,0.025373387333004586,57.25656200398244,-2.309487636256506,0
2022-06-10,134.43141174316406,137.9899664897166,134.36278209908923,137.51941663931075,91437900,-0.03862890567711208,142.73052760532923,141.6489010765439,152.73124450683594,0.0259311694465,0.02762109142176661,0.02583575244280625,49.4487114962671,-2.863907292403894,0
2022-06-13,129.28468322753906,132.53933978353805,128.85333977780914,130.2551910309264,122207100,-0.03828516303509488,140.023433140346,141.15033540271577,151.89848388671874,0.024315170894215643,0.028223660358927864,0.026205817216441923,36.45352088029611,-3.6762097844506627,1
2022-06-14,130.14739990234375,131.25516732822615,128.89259032192393,130.5101288143863,84784300,0.006672999873359453,138.2560577392578,140.48045131138392,151.0888510131836,0.024290812239738176,0.02716566346483146,0.026255584737044,40.39919382588606,-4.201914283825403,1
2022-06-15,132.7648468017578,134.63726323315953,129.5592083618082,131.64728162043858,91533000,0.020111403695948438,136.75616237095423,140.0084947858538,150.25071166992188,0.02665138165863604,0.027643535673726936,0.02618030385636356,43.95342240932676,-4.357106782426996,0
2022-06-16,127.50054168701172,129.784691319241,126.50061011925013,129.48079421494845,108123900,-0.03965134778942403,134.14430781773157,139.1131348382859,149.37345809936522,0.025344482160231736,0.02793733005652221,0.026564226263482833,34.47975319889052,-4.848987275870343,1
2022-06-17,128.97097778320312,130.46106930716064,127.25541670605972,127.51030963953596,134520300,0.011532783129667212,131.84755270821708,138.6808577037993,148.5888493347168,0.027512892518274847,0.025667398379017183,0.02660539700750679,27.309258522013593,-5.061804871027277,1
2022-06-21,133.19618225097656,134.36276639582726,130.6963761788774,130.7943992837295,81000500,0.03276089350020972,130.89943477085657,138.6117673601423,147.88267623901368,0.03133121118174456,0.026287406438608014,0.027120934691085126,35.040397345286536,-4.833804569279096,0
2022-06-22,132.6864013671875,135.04896268342907,131.27473728669952,132.137409257049,73409200,-0.003827293509272689,130.6501475742885,138.507198152088,147.20644119262695,0.027963064571224758,0.02629506100919065,0.027098911322073663,34.72794257372047,-4.640752043604522,1
2022-06-23,135.54898071289062,135.86267563561398,132.96093402675356,134.1275183400123,72433800,0.021574022026427775,131.54504721505302,138.28125762939453,146.6724247741699,0.02367193115533837,0.02515094072644951,0.02716002696911981,35.34877007620737,-4.2082600937053485,1
2022-06-24,138.87222290039062,139.1173030558868,137.0194175231798,137.14684903225404,89116800,0.02451691019749558,132.79145050048828,138.3419418334961,146.16747970581054,0.02457141416582362,0.02540552059119367,0.02736540925249175,45.54169962243878,-3.5563538035426916,0
2022-06-27,138.87222290039062,140.66621143364327,138.19579927786032,139.89174976551223,70207900,0.0,133.66393280029297,138.39515722365607,145.6088917541504,0.024308318632637747,0.025405860777754977,0.02722733670440569,44.53118528004621,-3.00507276363129,0
2022-06-28,134.7353057861328,140.59762053174873,134.61767206581916,139.3330131628478,67083400,-0.029789377802536654,134.69747052873885,138.09919629778182,145.0676075744629,0.021270019979642975,0.025688766950764535,0.027223369496371545,36.77540195833112,-2.868922057560212,1
2022-06-29,136.4900665283203,137.90173093297278,133.98044756827542,134.75490940956817,66242400,0.01302376338517286,135.77162606375558,137.6132380167643,144.5657258605957,0.021317424132485985,0.024050660456877163,0.027319953429307892,39.999996434110024,-2.5895760940814796,0
2022-06-30,134.0294952392578,135.6470189893978,131.13755113159218,134.54906419941244,98964500,-0.01802747519763248,135.8906707763672,137.04745447067987,143.96901657104493,0.020228725709948395,0.024266806587001467,0.02728712104695966,42.75218403105703,-2.5374893469611948,1
2022-07-01,136.19595336914062,136.3037892489926,132.99031531614665,133.36282702594735,71051600,0.016164040057119022,136.39203534807478,136.59090350923083,143.4189646911621,0.020824954498006996,0.02464968808206521,0.02742868750038771,52.39740028194709,-2.2949405136772896,1
2022-07-05,138.7742462158203,138.82326526029516,134.23535494237336,135.05883599741875,73353800,0.01893075956296264,136.852787562779,136.14042263939268,142.93633712768553,0.020472539309600447,0.024738785919791426,0.027606881261137764,63.86037285906908,-1.8730804256009037,1
2022-07-06,140.1074676513672,141.28384979355582,138.30368070277723,138.5683715462856,74064300,0.009607124318106175,137.0292510986328,136.0255864461263,142.57101852416992,0.018618698319180553,0.023461773720187398,0.027422092592223418,64.35035241457848,-1.414863769991996,1
2022-07-07,143.46998596191406,143.66604717243726,140.4603932776671,140.47019110271424,66253700,0.023999565240262033,137.68607439313615,136.03538985479446,142.2516096496582,0.020435618005363865,0.024043214715902986,0.02764309748300258,65.09965611183833,-0.7715032341864969,1
2022-07-08,144.14637756347656,144.64635079248632,142.1465295229667,142.40140757015126,64547800,0.004714516398865776,139.030513218471,135.95743052164713,142.06476150512697,0.013760782235556074,0.023743963239211154,0.02717364461098734,76.9695947841879,-0.20469660989303406,0
2022-07-11,142.01910400390625,143.75427642973983,140.95055766241197,142.80336382609462,63141600,-0.014757731658109452,139.82037571498327,135.8131848289853,141.83987045288086,0.016416940376098095,0.023935533546091663,0.027244314217920035,70.70000077462635,0.07201834296253651,1
2022-07-12,142.9896240234375,145.52865186539117,142.19556639366533,142.89158593841137,77588800,0.006833728647552606,141.10039411272322,135.963499886649,141.49597549438477,0.01266162031331364,0.022569150298197626,0.02644210683284404,67.32584211427087,0.365417486011836,0
2022-07-13,142.6268768310547,143.5679764107693,139.32318560371215,140.1760748610569,71185600,-0.002536877727039477,142.01909746442522,136.3537601289295,141.26209609985352,0.012955245402801649,0.020670150626312146,0.02596480042060088,67.67793150571183,0.5621872096807579,1
2022-07-14,145.54823303222656,146.0187828364424,140.43095716603992,141.24462523992875,78140700,0.020482508388880216,142.98680986676897,137.12821488153367,141.0805744934082,0.01321047979057926,0.01867972446961209,0.02614291467473616,67.74536145175362,0.9429874911709248,1
2022-07-15,147.2147674560547,147.89119117713278,145.28353435270415,146.83244295612025,76259900,0.011450049163146625,144.00213841029577,137.9409466698056,140.902625579834,0.01329139654729541,0.018719606048937514,0.02615915625373545,65.73022490368874,1.3635319108640829,0
2022-07-18,144.17584228515625,148.58728756952976,143.8131132788738,147.77361919983474,81420900,-0.02064280114972561,144.10297502790178,138.4843274071103,140.53585983276366,0.014523113958806564,0.019293010848118658,0.02559348891244283,58.97200536495865,1.4350580732202332,1
2022-07-19,148.02845764160156,148.25392726287154,144.01894870347078,145.0090674390563,82982400,0.02672164278968081,144.65755789620536,139.46184721447173,140.42724014282226,0.017575083870648715,0.017074183106958827,0.024706848868704733,72.70611379798184,1.7820742907003648,1
2022-07-20,150.02833557128906,150.69496170219924,147.41088001170658,148.14612084165154,64823400,0.013510090975408895,145.8017338344029,140.46457853771392,140.3441096496582,0.015712883199957593,0.01710427486373018,0.02477530815731753,72.93276731425948,2.1931789763854965,1
2022-07-21,152.29286193847656,152.50853373902038,148.94996398855773,151.45958316742,65086600,0.015093991135504359,147.13076782226562,141.37394423711868,140.40861557006835,0.015921756714587447,0.016203579675864638,0.024403125161181285,81.1435586423383,2.6709220274941288,0
2022-07-22,151.05763244628906,153.2045374479934,150.3910214648786,152.3320525114364,66675400,-0.008110882391103247,148.33516148158483,142.24876476469495,140.40038101196288,0.016723117833607276,0.016366569251282347,0.024331710817960584,76.1741166277628,2.9162474553107813,0
2022-07-25,149.94007873535156,151.9889458272938,149.28326552705713,150.97921649648936,53623900,-0.007398194270884395,148.96256801060267,142.9340551467169,140.52684188842773,0.01667418743317624,0.016237192156669893,0.023174643039414466,70.73176121547701,2.9860708140631687,0
2022-07-26,148.6166534423828,150.07732200029463,147.83239373585778,149.2636538636445,55138700,-0.008826361197959876,149.162837437221,143.3980756487165,140.7040837097168,0.016998289729013117,0.01585305629013695,0.022867625715023182,65.80487655566616,2.901174039697139,1
2022-07-27,153.7045135498047,154.2338952339947,149.1656377708993,149.5773707705413,78620700,0.034234791253689334,150.5240761893136,144.10437520345053,140.89387466430665,0.017734542116726957,0.01719436676137826,0.0229328513826261,67.86452440461352,3.207466842826392,1
2022-07-28,154.25352478027344,154.53781130593885,151.37137847040182,153.8907958162713,81378700,0.0035718614749127298,151.41337149483817,145.03381420317152,141.12542648315429,0.016024201608131974,0.015252363302980939,0.02286649750066489,67.72098324165829,3.4546832757106074,1
2022-07-29,159.31195068359375,160.40992030893383,156.36119003723385,158.06695385906744,101786900,0.03279293559434571,152.7396022251674,146.12057059151786,141.38560348510742,0.01892342910640313,0.016247991102096227,0.023044821269742877,77.49381858267961,4.012522908853867,0
2022-08-01,158.33163452148438,160.37070393464464,157.72384030664722,157.84147403635484,67829400,-0.006153437691917785,153.60228402273995,147.27781531924293,141.79126022338866,0.019436248017997086,0.015504269144615947,0.021489711248784182,74.38459725133849,4.325648136602922,0
2022-08-02,156.86114501953125,159.21392420256825,156.48863324172908,156.94938527079637,59907000,-0.00928740176527132,154.43135724748885,148.26187206449964,142.23554153442382,0.01958043772734407,0.015832054352782877,0.021194743903726568,71.85439415627468,4.40437502842596,1
2022-08-03,162.86070251464844,163.3116417148104,157.58657171952115,157.67479700322565,82507500,0.03824756917572003,156.27716064453125,149.40884617396765,142.79510848999024,0.021996554897168275,0.01707992112177271,0.02176189090155621,74.28501345041155,4.8944605127590535,0
2022-08-04,162.54698181152344,163.8998292386339,161.19413438441296,162.7430429706028,55474100,-0.0019263130901500114,158.2672075544085,150.47739446730841,143.24017349243164,0.02103707269213837,0.017203483715925717,0.021141592115572146,72.35568430092599,5.197627140830463,0
2022-08-05,162.32122802734375,162.81206933981915,160.01426786699392,160.22042780912037,56697000,-0.001388852513062644,159.49816676548548,151.3750726609003,143.73464096069335,0.019300547751929784,0.016855284828606393,0.020905387311511495,78.8219970663598,5.357909785272881,0
2022-08-08,161.85000610351562,164.73615535552312,161.1922805564501,163.32253000929188,60276900,-0.0029030209391266437,160.5833783830915,152.21810259137834,144.21654708862306,0.019698051644337865,0.016966605383699155,0.020922612756738946,74.5961551307374,5.384838201835237,1
2022-08-09,161.8990936279297,162.78261696114208,160.25968547297944,161.0155852740051,63135500,0.0003032902228170542,160.95297023228235,153.1647687639509,144.6355192565918,0.016126553045123535,0.01636782151821373,0.02073110570404149,72.7007509705191,5.348486100498775,1
2022-08-10,166.1399688720703,166.23812814464867,163.8428202002786,164.60853143111325,70170500,0.026194558283858305,162.06844656808036,154.2671661376953,145.02441482543946,0.01780955054608581,0.016930017756057916,0.02028718485363785,74.61924279369171,5.597357139149523,0
2022-08-11,165.4037322998047,167.8579391801427,165.10922447830612,166.94496643142614,57149200,-0.004431423559688619,163.28881617954798,155.3517783028739,145.41427047729493,0.017150204766962312,0.016990033170415992,0.020280197437856997,75.96716852562176,5.6698229028216645,1
2022-08-12,168.9475860595703,169.01629605421468,166.29703098384925,166.70935086886797,68039400,0.02142547638128356,164.1583709716797,156.46603320893786,145.87755172729493,0.012783627927073934,0.017028052296516227,0.02044423305141755,81.62664153480394,5.944685292200546,1
2022-08-15,170.0176239013672,170.2139574393794,168.21133138479297,168.37821564106778,54091700,0.006333549160149499,165.22560555594308,157.55188351585753,146.31321731567382,0.01237752698701325,0.01700169853474139,0.02035494688832424,85.91194936345852,6.177646760806539,0
2022-08-16,169.8605499267578,170.52810192661653,168.51564947224608,169.61512926108554,56377100,-0.0009238687790419364,166.30265154157365,158.77496483212425,146.86004776000976,0.012329257423187022,0.015906954776458954,0.019465208089068688,82.48664086067959,6.277235779422938,1
2022-08-17,171.35269165039062,172.92337473871223,169.40896440067246,169.6052979143018,79542000,0.008784510142444635,167.6601780482701,159.88564264206659,147.42181930541992,0.011602347603567587,0.015319672208540703,0.019477390876186208,83.12663140998164,6.402757161940144,0
2022-08-18,170.95999145507812,171.696253287321,169.94885973714076,170.56732446959606,62290100,-0.002291765548181335,168.95459202357702,160.88238816034226,147.92534866333008,0.011934934819027932,0.01537715387452727,0.01939239229232621,77.5457697281818,6.396807720560446,0
2022-08-19,168.37818908691406,170.5575254675204,168.1720291679761,169.8605242913159,70346300,-0.015101792800700231,169.2743377685547,161.64835611979166,148.39194717407227,0.011568312488288443,0.015920764833902045,0.019533172853868557,72.08562801097823,6.113292639163717,0
2022-08-22,164.50054931640625,166.74859572706774,164.0784180378036,166.58171149389958,69026800,-0.023029347159127855,169.1453116280692,162.28849501836868,148.8852980041504,0.014930714032984588,0.016837355384563504,0.01908511829516481,65.18665422588273,5.5121708969558085,0
2022-08-23,164.16677856445312,165.6196796113523,163.5974008535258,164.0195321647684,54147100,-0.0020289947561885624,168.46233912876673,162.96595691499255,149.48000534057618,0.011342014934622486,0.016692553026563993,0.018116209252009106,53.351333446617105,4.951764219606275,1
2022-08-24,164.46128845214844,165.03066617037743,163.2047358944321,164.25514348994625,53841500,0.001793967636269933,167.66857692173548,163.720463344029,150.18353744506837,0.010765356569140055,0.016428786655203555,0.017055193790355885,54.91687373115844,4.479762463782691,1
2022-08-25,166.9154815673828,167.02346724627097,165.2662620854037,165.688378388784,51218200,0.01492261880186141,167.2478528703962,164.34955705915178,150.91889907836915,0.013100937429212027,0.015203099227502476,0.01711184416618649,60.58820674730081,4.254685183212729,0
2022-08-26,160.62289428710938,167.91680343416758,160.56399573070382,167.44560000363606,78961000,-0.037699242881392925,165.71502467564173,164.6528603690011,151.47606002807618,0.017512237498508477,0.017725366103759823,0.018008633387897165,47.77022628238329,3.527883369146508,0
2022-08-29,158.42391967773438,159.9160662270411,156.89249744175427,158.19812192757627,73314000,-0.013690293772470441,163.92415727887834,164.61057317824591,152.09452758789064,0.017306516441712803,0.016562143260680173,0.017075175107097867,44.14291203091013,2.7428311714049016,0
2022-08-30,155.9991912841797,159.58232691391927,154.83098655063566,159.1602105704912,77906200,-0.01530531752078268,162.15572902134485,164.49950445265998,152.63509185791017,0.01731533141141762,0.016846375045173712,0.017270142825707994,31.79409969570358,1.9030788235869807,0
2022-08-31,154.340087890625,157.63854092133218,154.26155151140784,157.3734825138846,87991100,-0.010635333298185778,160.70423453194755,164.37945411318825,153.0579699707031,0.01645931770153244,0.016883770674724522,0.0168791299681047,30.774338101740753,1.091115558732838,1
2022-09-01,155.06658935546875,155.5181549609377,151.83684522830168,153.77076113952282,74229900,0.004707146890823299,159.40420750209265,164.00830586751303,153.50557373046874,0.017115177004632897,0.01442965881570992,0.016850877132952295,23.260281816327335,0.5004821711140721,0
2022-09-02,152.95594787597656,157.42260624530542,152.1313381712874,156.8237793213389,76957800,-0.013611194315068298,157.76058741978235,163.5515899658203,153.85371307373046,0.016631538445178146,0.01464098941815163,0.016805121636158025,18.400053356424294,-0.13633854599535766,0
2022-09-06,151.6994171142578,154.21252227519972,150.87480729194033,153.60388383195894,73714800,-0.008214984635560585,155.5868639264788,163.04578944614954,154.11025695800782,0.012626352307234714,0.01468405486028168,0.016568091963782474,17.680015293642285,-0.7339545128022849,1
2022-09-07,153.10324096679688,153.80022729759784,150.79628062278962,151.9841232844313,87449600,0.009253983167791136,154.51262773786272,162.6292768205915,154.39487731933593,0.009772957290461693,0.014930376298704515,0.016598064470170964,17.420430400435848,-1.081822048271249,0
2022-09-08,151.63072204589844,153.4959132532277,149.88331299426738,151.80741774838046,84923800,-0.009617816785588373,153.54217093331474,162.1403067452567,154.73278564453125,0.009407778647676378,0.014992893531281143,0.016043324031834574,16.773725821199235,-1.4595052786018243,1
2022-09-09,154.48739624023438,154.92916542303703,151.91539245059826,152.62220516793604,68028800,0.018839679425065592,153.3262002127511,161.5854223342169,155.09273223876954,0.012307122266608043,0.014348683918391803,0.016142026570999495,26.345788374982646,-1.510895562889857,1
2022-09-12,160.4363555908203,161.25115382171967,156.3820172588061,156.66669857838036,104956000,0.038507732639464276,154.1970955984933,161.34888058617003,155.6208694458008,0.018546335688319166,0.017002195895033066,0.016639509155581954,43.53525463501207,-1.0593795632067895,0
2022-09-13,151.0220489501953,157.59931943362142,150.56065692569356,156.97104316313002,122656600,-0.058679384768845155,153.61930411202567,160.49528358096168,155.91739135742188,0.03064010943344781,0.020309766737218498,0.018733527689194566,33.777567869583734,-1.4445538303629917,1
2022-09-14,152.4651336669922,154.22235404144757,150.79627611743592,151.95465448242936,87965400,0.009555457145683288,153.54918779645647,159.6594507126581,156.1912091064453,0.030599462117529758,0.02041258731328881,0.018609581050680155,35.60321886667238,-1.614748520038745,0
2022-09-15,149.57896423339844,152.39640331677907,148.6071081028978,151.81719923234522,90481100,-0.01893002920849829,153.2462659563337,158.69366091773622,156.38063903808595,0.031335105315834715,0.020611143719526253,0.018809729084266962,29.40767285602847,-1.9599259836321892,0
2022-09-16,147.9395751953125,148.57767791761873,145.6522527794473,148.4402429431555,162278800,-0.010960024001288593,152.50859941755022,157.57875061035156,156.4700308227539,0.031100670872435766,0.0203598600811299,0.01860430208950055,33.06244294470527,-2.338806301638101,1
2022-09-19,151.65032958984375,151.72886599832884,146.36888718799335,146.5750321533895,81474200,0.02508290556892745,152.5114004952567,156.65924290248327,156.62010986328124,0.032859064956706895,0.02150518984096931,0.018912569469525554,41.30547359877407,-2.312982196789676,1
2022-09-20,154.02598571777344,155.1843789131033,150.2759661753886,150.5900968013731,107689800,0.015665354202361037,152.4454847063337,155.9758046468099,156.8602474975586,0.032584346114016,0.021861188691339566,0.018878342357840847,47.464014245260074,-2.0768798343893877,0
2022-09-21,150.90423583984375,155.83228620825895,150.78643873263653,154.45792171393398,101696800,-0.020267683166461103,151.08375331333704,155.32836114792596,157.0185397338867,0.028310563990308082,0.021749033234795455,0.019118393920340763,45.74420633564621,-2.1172596850571495,0
2022-09-22,149.94224548339844,151.64055263761352,148.14576405143103,149.58883905449844,86652500,-0.0063748399843877035,150.92949567522322,154.6510024297805,157.1648471069336,0.01774920309496829,0.02175129576343871,0.019141630165118793,43.68958126715344,-2.201507976150822,0
2022-09-23,147.67453002929688,148.69548848555905,145.83878806603744,148.42061851178616,96029900,-0.015123926194320236,150.24512372698103,153.8516329810733,157.207373046875,0.017779670530413797,0.021836036090019866,0.019071100728623846,43.52121497317876,-2.4233264401422616,1
2022-09-26,148.00828552246094,150.95333323742267,146.8989794231201,146.91861726875362,93339400,0.002260074862590278,150.02074105398995,152.95129031226747,157.22324340820313,0.01666555580697686,0.02143284437828229,0.01900728565173493,45.367154295660065,-2.5428752094541665,1
2022-09-27,148.98013305664062,151.88591989139582,147.20329010150107,149.9421927062511,84442700,0.006566169797515897,150.16939217703683,152.39687311081659,157.31932922363282,0.016300405508134153,0.020250587522841455,0.01878408119749537,44.768236590668124,-2.5300338412659187,0
2022-09-28,147.09532165527344,147.8806707549768,142.1869085062377,144.93562286555536,146691400,-0.012651427829310613,149.5186767578125,151.85741606212798,157.30066650390626,0.012947939843160934,0.020225393648532403,0.018499610498679205,44.304674033259275,-2.641495971241568,0
2022-09-29,139.8701171875,144.03245634378814,138.103085707034,143.4238179924611,128138200,-0.04911919962149536,147.4964098249163,151.08936491466704,157.09750213623047,0.01834701980054336,0.022450073273676666,0.019653368965161972,33.45915059877737,-3.2750909198341276,0
2022-09-30,135.6685333251953,140.4787870882612,135.47219979960417,138.69211755301987,124925300,-0.030039181683621075,145.31988089425224,150.2002432686942,156.76501556396485,0.019292454845009674,0.02308647365823394,0.019923819935984393,20.81882829753009,-4.069343328176473,1
2022-10-03,139.84072875976562,140.44938235522116,135.16792345973974,135.6784027716175,114311700,0.030752860168169027,143.8768070765904,149.47520228794642,156.54067749023437,0.025979827394341914,0.024347961600850062,0.020436560466608203,34.96969033146803,-4.312421866106575,1
2022-10-04,143.42384338378906,143.5416405102459,141.61753589548164,142.37343574191996,87830100,0.025622825737549704,143.26956612723214,149.02129255022322,156.41035278320314,0.028938028841253963,0.02511699683828064,0.02076753560369722,38.50759527060576,-4.16789109970685,1
2022-10-05,143.7183380126953,144.68039782185656,140.39043433471556,141.43103055560152,79471000,0.0020533170912051535,142.6567164829799,148.64124116443452,156.31238647460938,0.028930915760796077,0.025105352336162658,0.020737369733138448,42.02511386702723,-3.983664960766305,0
2022-10-06,142.76611328125,144.83746445591814,142.55996829483985,143.13915751475955,68402200,-0.006625631388537223,141.76899937220983,148.14899698893228,156.0936184692383,0.028568177334386973,0.024979828890908485,0.020138765082478607,42.826014647246474,-3.869891298170188,0
2022-10-07,137.52391052246094,140.47878470691822,136.8956342636469,139.9290298735793,85925600,-0.036718816799767406,140.40165492466517,147.47724405924478,155.75902618408202,0.03089554665465611,0.026016129230507973,0.0207380109972155,31.209144423385055,-4.154832480049038,1
2022-10-10,137.847900390625,139.29097534068862,136.03179615324555,137.847900390625,74899000,0.0023558802751697527,140.1127668108259,146.6848871140253,155.32974517822265,0.025442357519686102,0.02552670293835404,0.020131272458979995,27.237611880057287,-4.304883131866376,0
2022-10-11,136.4342498779297,138.76084793369003,135.68817645989057,137.33739611427865,77033700,-0.010255147221607253,140.22215488978796,145.54192969912575,154.89179748535156,0.02273762283462788,0.023499057029704083,0.020154018040541743,28.612906703328775,-4.486155528099346,0
2022-10-12,135.8059539794922,137.78895683135124,135.6292583188671,136.5814915458878,70433700,-0.004605118575428446,139.64575849260603,144.81735374813988,154.4706936645508,0.018580703944638913,0.02035353422842754,0.020133994872774837,28.89796249340587,-4.627174251768622,1
2022-10-13,140.37078857421875,140.95978909716513,131.90867508719168,132.51732843397534,113224000,0.03361291947049594,139.20960780552454,144.24143255324591,154.0208953857422,0.02081645689455722,0.02182822835457714,0.019951576506566475,39.79702243871495,-4.320781326838812,0
2022-10-14,135.84524536132812,141.87277603175662,135.65872326737428,141.66661609125816,88598000,-0.0322399215595901,138.08488028390067,143.58744594029017,153.4868606567383,0.023343062811788145,0.022476176444251185,0.02038132573054361,34.79011338384234,-4.3925022108783764,1
2022-10-17,139.80142211914062,140.282437004532,137.7006219624551,138.48597103526853,85250900,0.029122673725456183,137.6613529750279,143.19991484142486,153.03646453857422,0.02722579949243371,0.023561078668455613,0.020892437868991462,39.31921198080095,-4.083044333524015,1
2022-10-18,141.11688232421875,144.0128431743189,138.03439937209953,142.825015544548,99136600,0.00940949087025067,138.1746346609933,142.69832211449034,152.62180206298828,0.022842129800796168,0.022884666920687576,0.020963244970661224,42.94978261096449,-3.6891241644393062,1
2022-10-19,141.22482299804688,142.29485316094156,138.90805206062063,139.0945741031825,61758300,0.0007649026257547931,138.65705217633928,142.08874293736048,152.20831665039063,0.02286812228526398,0.022499175904621374,0.02096461573698501,51.91984160690453,-3.3298452982762115,0
2022-10-20,140.76345825195312,143.21766459219867,140.0370077826972,140.40024050696854,64522000,-0.0032668813902505534,139.27551051548548,141.60584876650856,151.70078643798828,0.022303590708821652,0.022183718021335206,0.020551281617116817,58.07654480691093,-3.047216077486098,1
2022-10-21,144.5723876953125,145.14176534962488,140.03700430524796,140.25297565616944,86548600,0.027059078333680597,140.5278581891741,141.35014125279017,151.28415954589843,0.023294257787340854,0.02311498292976482,0.020987569067516008,57.58808317541854,-2.4872105947473813,1
2022-10-24,146.71246337890625,147.47817461798252,143.3256613631015,144.49386606815804,75981900,0.014802796839075372,141.4338117327009,141.30432855515252,150.83945709228516,0.020979848151223144,0.02315419060187269,0.020854152805541024,55.52984643805566,-1.849397291976004,1
2022-10-25,149.549560546875,149.6968219607416,146.6241498720804,147.34077415249868,74732300,0.01933780609109892,143.39157104492188,141.37772260393416,150.4300958251953,0.012400755920791194,0.023536288003051704,0.021048078008757232,59.032872465498734,-1.102289120656451,0
2022-10-26,146.6143035888672,149.20594507644813,145.32828678897533,148.19481318791426,88194300,-0.019627319179502223,144.3648398263114,141.2650640578497,149.9651708984375,0.015676618149723345,0.02390433586050173,0.021188068437964707,55.61602214742952,-0.7385378136157499,0
2022-10-27,142.14764404296875,146.31979510961392,141.48991849585923,145.35775035197634,109180200,-0.030465373681573094,144.51209150041853,141.02946036202567,149.38106994628907,0.02097346527342374,0.024661627892496724,0.0214783293026747,56.90412947694932,-0.8014458096114936,1
2022-10-28,152.88723754882812,154.61499335183578,145.11231396636444,145.4853431294892,164762400,0.07555238483314564,146.1781507219587,141.64932323637464,149.01961486816407,0.03503331926094733,0.027434018363501247,0.02421486798863838,67.12874267314729,0.015120294387600097,0
2022-10-31,150.53121948242188,151.41474288743174,149.13723186575905,150.35452378899333,97943200,-0.015410168331766783,147.57354518345423,142.35707019624255,148.6626754760742,0.03619177398288363,0.026685993894956614,0.02421832626043299,65.71805201155419,0.4667632902931018,0
2022-11-01,147.89048767089844,152.60256746450293,146.39834080336652,152.23934967138234,80379300,-0.017542751733515383,148.0475594656808,142.74039204915366,148.33047424316408,0.036647846915825635,0.026462623262125902,0.02413315606827549,62.89548362052851,0.6046387318605753,0
2022-11-02,142.37342834472656,149.3826416112209,142.34397906464244,146.22162239502856,93604600,-0.03730503166944055,147.42769731794084,142.69037228538878,147.89460723876954,0.039242337058910726,0.027321389650714876,0.024648860522684255,52.09446500777654,0.2656630349112845,0
2022-11-03,136.33609008789062,140.1842842462697,136.2084665510831,139.45783369878677,97918500,-0.04240495102932984,145.54005868094308,142.33883666992188,147.33210327148439,0.04014610263059628,0.028834916380736115,0.025274589253637295,50.497615258386205,-0.48455474284401134,0
2022-11-04,136.07061767578125,140.2890164015465,132.1373726150945,139.71869406725023,140814800,-0.001947191033117024,144.0338178362165,142.02000354585192,146.71520599365235,0.040176000175717805,0.02881640450405918,0.025136798485566898,45.91180540553556,-1.087987499112927,1
2022-11-07,136.6015625,136.827719829141,133.40580174577732,134.82177198830993,83374600,0.0039019799666364374,143.24152047293526,141.97608221144904,146.23477935791016,0.03933972925286715,0.027703738471784763,0.02467504750239486,44.9655792860526,-1.506009159794928,1
2022-11-08,137.17189025878906,139.06967336647747,135.19544046730184,138.06670690734794,89908500,0.00417511885187305,140.99647086007255,141.94389125279017,145.80973876953124,0.018930529706892518,0.027714183254028794,0.024645488128489622,45.52724257560291,-1.770860278889728,0
2022-11-09,132.61920166015625,136.23779535819637,132.343875672757,136.18862678813056,74917800,-0.03318966145355062,138.43761117117745,141.76222229003906,145.34213897705078,0.02011607673007096,0.028582064129720714,0.024961700312503516,41.756523834235296,-2.3213614110755714,1
2022-11-10,144.41891479492188,144.41891479492188,137.1719158689749,138.88288280173376,118854000,0.08897439425855547,137.9416721888951,142.17236328125,145.1437155151367,0.04509074400067497,0.03463923206051967,0.02811104122378557,49.866287126659515,-1.7849237983501212,1
2022-11-11,147.20169067382812,147.5065147597333,141.96063992686575,143.38645323831483,93979700,0.019268777104840096,138.6314239501953,142.49764433361236,144.9864175415039,0.04283512287637845,0.0341535816893055,0.028245900699940107,50.42151745231075,-1.1223090880872348,0
2022-11-14,145.8053436279297,147.77196548965426,144.9695233350431,146.4838305708861,73374100,-0.009485944349596376,139.98417445591517,142.97193472726005,144.84340545654297,0.038256487233472344,0.03333726742729345,0.02821328663851936,46.69185759164223,-0.7017661695986419,1
2022-11-15,147.5360107421875,151.02676861885655,146.08071431905194,149.67963703147598,89868300,0.011869709787003302,141.62208775111608,143.34024847121466,144.76013732910155,0.037877301579111254,0.032894024915245214,0.028245200570065056,50.832070866733936,-0.2262247266870645,0
2022-11-16,146.30685424804688,147.36883205309908,144.83188757505272,146.64119143040293,64218300,-0.008331230375264287,143.00855800083704,143.58738999139695,144.62420959472655,0.03860016217192365,0.03295083541192084,0.02823494588252187,53.987826637554846,0.05087616753374391,1
2022-11-17,148.20465087890625,148.95196191687904,143.71091192910288,143.98623783804743,80389400,0.012971344648295746,144.5846666608538,143.91976274762834,144.55568817138672,0.038504188412787604,0.03303135002576893,0.028267129740405444,44.59373469524377,0.41878940657832686,1
2022-11-18,148.76512145996094,150.15159363499748,147.4671586821555,149.76810292744864,74829600,0.0037817340935719646,146.89122663225447,144.30079432896204,144.44124267578124,0.033530854979750925,0.03300234892767,0.028141492690609525,47.872760014070955,0.7469778948417911,0
2022-11-21,145.53988647460938,147.8605015253363,145.25473282614936,147.6540145740021,58724100,-0.021680048076454628,147.0513654436384,144.34686569940476,144.14331329345703,0.014799119755805824,0.03295004189764111,0.027728763287548093,47.208046388234315,0.7383093566743923,1
2022-11-22,147.6736602783203,147.909660354169,144.47789906303868,145.65788443814483,51804100,0.014661092951197219,147.11878967285156,144.39263698032923,144.07634552001954,0.013938935745782744,0.03294704984329482,0.026561590773240627,56.845597057399935,0.893319559184846,1
2022-11-23,148.548828125,149.29613922514196,146.84768896962234,146.95585380028717,58301400,0.005926363882565511,147.5107160295759,144.34498305547805,143.99801940917968,0.013293440955715587,0.032699094242618215,0.026539595686094354,68.20051046768009,1.0743999784459959,0
2022-11-25,145.63819885253906,146.3953525551104,144.66471552066162,145.8348580598712,35195900,-0.01959375451963663,147.2396000453404,144.29850187755767,143.9192041015625,0.014913570774971399,0.03269807867765583,0.02654932946838631,63.216463241124714,0.9718412768908138,0
2022-11-28,141.81314086914062,144.19275214587688,140.98716307142482,142.7177853624681,69246000,-0.026264112118492777,146.59764099121094,144.28257315499442,143.79667541503906,0.01754091028145121,0.032513550948717836,0.026763342934904972,56.598637405506324,0.5752810729865416,0
2022-11-29,138.8140106201172,142.39326202258005,138.00770341068628,141.8819361067611,83763800,-0.021148465019831364,145.25612095424108,143.61241949172248,143.53994903564453,0.016655402293084137,0.027847298415602212,0.026659878807152378,51.95870089233387,0.0187829894017284,1
2022-11-30,145.55953979492188,146.23802684928043,138.2043770255708,139.04018245155586,111380900,0.04859400823209925,144.79818071637834,143.37567283993675,143.3706201171875,0.027532099800498616,0.02998282715135799,0.02748461400983544,64.66777682151643,0.1206710576385035,1
2022-12-01,145.83486938476562,146.64119170281938,144.16324348642758,145.73654727553216,71250400,0.0018915255587621527,144.84032113211495,143.2777862548828,143.26923278808593,0.026247662701977474,0.029751543443279103,0.027342017526046463,52.17257141465781,0.22108633698374547,0
2022-12-02,145.34320068359375,145.53003217962117,143.21924526160134,143.52408428382984,65447400,-0.003371407011547256,144.5073983328683,143.41920398530505,143.17725189208986,0.025509986680628358,0.02853523630924752,0.027331746893344527,46.93277581799024,0.25801833937458696,0
2022-12-05,144.18292236328125,148.40132070138284,143.33727415278167,145.30389650239576,68826400,-0.007983024419823903,143.88369750976562,143.79286266508558,143.10741973876952,0.025331215542029186,0.026833341453613043,0.02727109527415055,47.3013520270253,0.19145547422141362,0
2022-12-06,140.52500915527344,144.84174478338647,139.55152565219004,144.61558740538712,64727200,-0.025369947758385636,143.15324183872767,144.0049765450614,142.9577542114258,0.026009523711984072,0.027527137336419975,0.027500859090636688,39.04090475211431,-0.1546760916994856,0
2022-12-07,138.58787536621094,140.97731424983792,137.66356048798676,139.8170142991394,69721100,-0.013784975362798657,142.69248962402344,144.0995628720238,142.74990905761717,0.02468781744709434,0.027732176070208562,0.027542112729147947,38.195516232504026,-0.5786282921416444,1
2022-12-08,140.26931762695312,141.12480845757423,138.7451974772698,139.9841640195035,62128300,0.012132679401420043,142.900390625,144.24705941336495,142.6133889770508,0.02380464213313602,0.02783129605453735,0.027552616318042178,37.783811159637075,-0.770058373771974,0
2022-12-09,139.7875213623047,143.14061609699272,138.5485396692002,139.9645101732408,76097000,-0.003434794385538953,142.07581656319755,144.58840797061012,142.6117370605469,0.011858014391385422,0.02671615851417581,0.026653050315716582,36.14571539984516,-0.9496975030124304,1
2022-12-12,142.07862854003906,142.08845624970894,138.70586361029962,140.31849324023466,70462700,0.01638992633538594,141.5392107282366,144.47696576799666,142.73993896484376,0.014399433690673993,0.01842354043329886,0.026380799031769972,44.4999958780944,-0.8968512624213076,1
2022-12-13,143.04226684570312,147.4671667934874,141.83279839446703,147.00500937638787,93886200,0.006782429669867529,141.21050589425224,144.27889796665735,142.8039697265625,0.014931615364874395,0.017944937763838636,0.026049597420175465,42.35638265455936,-0.7683555536724782,0
2022-12-14,140.82000732421875,144.2124280542218,138.80421630941913,142.9242927483946,82291200,-0.015535684455290966,140.73008946010046,144.041500999814,142.7518930053711,0.015675099446708286,0.0181319962037652,0.025898384539887413,37.78743821579265,-0.836200352763484,0
2022-12-15,134.22193908691406,139.43348990576752,133.7597817593244,138.7550029778536,98931900,-0.04685462217107783,139.82965087890625,143.4074975876581,142.56196502685546,0.021679290783710253,0.02035863534371913,0.026727878662470877,33.84355254576943,-1.4061673869045421,0
2022-12-16,132.26515197753906,135.35274779526193,131.49817062820333,134.4087776749108,160156900,-0.0145787426607501,138.92640468052454,142.7388450985863,142.35194580078124,0.021726811801282598,0.020465911637787593,0.02678551009387596,35.73312186982865,-1.992795033353758,0
2022-12-19,130.16087341308594,132.94364536804903,129.12840885731634,132.8551509782634,79592600,-0.0159095463392388,137.48234122140067,141.87961760021392,142.20468505859375,0.02026723645168719,0.020195131733448026,0.026380671723809843,36.71496294380521,-2.597556350860316,0
2022-12-20,130.09202575683594,131.02616804412892,127.7222430565094,129.1972093009086,77432800,-0.0005289427955166293,136.09727042061942,140.99042256673178,142.04956756591798,0.02046364980762115,0.020112806017663864,0.02637686135963303,20.12903393107935,-3.047262536859904,1
2022-12-21,133.18946838378906,134.52677190815584,130.53453175568677,130.76068907847488,85928000,0.023809627138428713,134.82739039829798,140.40230741954986,141.98467193603517,0.022180556263124027,0.020797316247338524,0.026567499572308962,27.979399621515086,-3.1177803643464017,0
2022-12-22,130.02320861816406,132.31432503613755,128.1254256005218,132.10783812958184,77852100,-0.023772598569891,132.967524937221,139.56180972144716,141.8690170288086,0.021560941014333992,0.020763336094414622,0.026770732182136183,25.595200766166187,-3.390078240525611,0
2022-12-23,129.659423828125,130.21007573511977,127.47647162243918,128.73510883960984,63814900,-0.0027978450455516946,131.37315586635046,138.66231427873885,141.65478973388673,0.02187977601577967,0.020602834021804323,0.026314506438947317,26.261624624151295,-3.5938035314323997,0
2022-12-27,127.85997772216795,129.21695222981506,126.57184221320604,129.18745408870456,69007800,-0.013878251598143487,130.46430424281527,137.81573232014975,141.4950843811035,0.015673521425610105,0.02045502000141694,0.025999478116256077,27.96028357946986,-3.8560078956501513,0
2022-12-28,123.93653106689452,128.84325132058044,123.76936998157429,127.50594763388185,85438400,-0.030685494594710927,129.27450125558036,136.96446518670945,141.1777865600586,0.018012234289054695,0.020695565274904435,0.025966485053060772,26.15232807687559,-4.330477054980463,1
2022-12-29,127.44693756103516,128.30241331797103,125.59831560715068,125.8539710621533,75703700,0.028324227440623684,128.8867961338588,136.42317599341982,140.9043876647949,0.02244298383019723,0.0216993810867784,0.026273281823436554,30.302092673007408,-4.372829558570146,1
2022-12-30,127.76160430908205,127.78127473228464,125.30333405560762,126.26698223669044,77034200,0.002469002033855805,128.5538787841797,135.5756552559989,140.63512329101562,0.022521786822981203,0.0181752246579715,0.026277654183436607,31.430275278859114,-4.331077283093123,0
2023-01-03,122.98272705078124,128.7154254385632,122.0977455022682,128.1057773178633,112117500,-0.037404643469721166,127.09577287946429,134.48745800199964,140.2795086669922,0.022550507416006782,0.01930628059553665,0.026759085637160052,22.61703199346384,-4.630229358146863,1
2023-01-04,124.2511978149414,126.51281646624362,122.9925607402256,124.77235152537196,89113600,0.010314218871048553,126.27119990757534,133.4830769130162,139.87308486938477,0.023034695424934297,0.019694019202249738,0.026486882107356995,23.28768311837169,-4.710653067009275,0
2023-01-05,122.93356323242188,125.6376690392261,122.67790772126833,125.0083504698081,80962700,-0.01060460265728791,125.31036267961774,132.47120266868956,139.39750686645507,0.023029420703712087,0.019707187617055286,0.02638802701646065,23.90243630931316,-4.8250908903131915,1
2023-01-06,127.45681762695312,128.1156344580481,122.80575895135166,123.90707040938508,87754700,0.03679429990961425,125.25276838030133,131.84890783400763,138.95565200805663,0.028052439416157867,0.0214602109205537,0.026804432170329053,39.4930658248967,-4.498933952422732,1
2023-01-09,127.97793579101562,131.18353963295718,127.72228030225448,128.29260255023266,70790800,0.00408858603066431,125.83011191231864,131.3436726161412,138.58292465209962,0.024603129005094513,0.02142449762100741,0.026711090144936483,43.03071508796719,-4.150557307626954,1
2023-01-10,128.54823303222656,129.06938662217885,125.9817909176488,128.0860756971166,63896200,0.00445621534435614,125.98743983677456,130.78552573067802,138.31093643188476,0.022360039929874627,0.02120764849355794,0.02641645188843966,47.24089282646755,-3.7848190475037313,1
2023-01-11,131.26222229003906,131.2818777117784,128.2827904454057,129.05959971999454,69458900,0.02111261425998845,126.48752811976841,130.37955910818917,137.87843612670898,0.023579476019565487,0.021901534199610044,0.024197203018013414,51.835942531096585,-3.2386395690346603,0
2023-01-12,131.18353271484375,132.0193381171801,129.24640871746402,131.6456901154858,71379600,-0.0005994837952799648,127.65907178606305,129.8607450212751,137.4914823913574,0.01549885276865462,0.021468193648277744,0.0241297704671421,46.52354955953661,-2.780090831856114,1
2023-01-13,132.510986328125,132.6683196907436,129.46273119909978,129.82655147153693,57809700,0.010119056758189027,128.83904157366072,129.359255472819,137.18389236450196,0.01549703815069166,0.021560801689036478,0.0240941243836998,54.605028278843164,-2.283253318399119,1
2023-01-17,133.67132568359375,134.99878678874634,131.89153482883353,132.57984966159466,63646600,0.008756552098974746,130.37300763811385,129.0188420613607,137.0098503112793,0.012845397485788888,0.021529488225453468,0.02358856478023279,57.21355156930493,-1.7754104938196633,0
2023-01-18,132.9534912109375,136.29674271738915,132.7764874230637,134.53662257229425,69672800,-0.005370145534094539,131.15824672154017,128.95843978155227,136.94219833374024,0.008483131725231519,0.018985606755292882,0.022830906967819743,59.52896483193566,-1.414558489545442,1
2023-01-19,133.01248168945312,133.97612225756075,131.53751520588366,131.8423392118264,58280400,0.0004436925873727571,131.8774675641741,128.99402691069105,136.88103561401368,0.008733928268277263,0.01870079816974818,0.022829785215152033,69.84940453605134,-1.1110135649527422,1
2023-01-20,135.56907653808594,135.71658218378784,131.97999755468973,133.02230476612493,80223600,0.019220713847003745,132.8804452078683,129.25156039283388,136.8603858947754,0.010099097423365835,0.018736838588040004,0.022988236273719855,68.53674649222907,-0.6565874558800431,1
2023-01-23,138.75503540039062,140.92815961902411,135.59860004292767,135.81492969380113,81760300,0.023500631144371953,133.95084708077567,129.66408466157458,136.89204879760743,0.010653995589335209,0.01929323734501669,0.023219394342745864,72.18250936990337,-0.03892256139843653,1
2023-01-24,140.15130615234375,140.7707968417757,137.9585269717819,137.9683546796287,66435100,0.010062847434142208,135.2319575718471,129.99560074579148,137.04269088745116,0.009957349436477907,0.018787440909767177,0.022739781510441218,90.11932107080892,0.5568299094925067,0
2023-01-25,139.49252319335938,140.05300275817604,136.49342112366645,138.53871015801215,65799300,-0.004700512446657368,136.2293199811663,130.44652048746744,136.94416305541992,0.011297329854312567,0.017888421730080924,0.018909984989014725,86.6603465215896,0.9646894166306197,1
2023-01-26,141.55747985839844,141.8426334902846,139.53184628445516,140.78065564701856,54105100,0.014803350156457507,137.35591343470983,131.01309458414713,136.83127883911132,0.01164279007547589,0.01799035722598243,0.018824979437960885,93.24198408969968,1.4379697397575342,1
2023-01-27,143.4945526123047,144.77285978471076,140.69212554632242,140.77079221891566,70555800,0.013684001409490554,138.86177934919084,131.7575981503441,136.78506301879884,0.010036061581271986,0.017595556340577093,0.018887049931309807,92.31961050057215,1.9469106144306352,0
2023-01-30,140.6134796142578,143.12092578303154,140.46598895897412,142.54077586673455,64015300,-0.02007792592539026,139.9476361955915,132.55173855736143,136.64661239624024,0.015267945586183971,0.016625635977076017,0.019012296018968335,79.64934215849924,2.093637264379538,1
2023-01-31,141.88194274902344,141.93111130163894,139.9054929686203,140.31848180314623,65874500,0.009020921310285201,140.84947422572546,133.23911975678942,136.55811416625977,0.014493525017015537,0.015854784351626756,0.01903007054739583,80.29497661931362,2.285922869655508,1
2023-02-01,143.00291442871094,144.16322923439725,138.96152054070433,141.56728874190614,77663600,0.007900735343541188,141.45631408691406,133.9648964291527,136.45407943725587,0.012530528327344267,0.0158515840386556,0.01897057984266739,78.75724314853463,2.499945824081493,1
2023-02-02,148.302978515625,148.65695608667727,145.69719525256042,146.41500811186492,118339000,0.03706262986378661,142.62083871023995,135.17062268938338,136.44483657836915,0.01767081121367123,0.013993981263743283,0.01969525048718818,83.3909919262097,3.0619353500200077,1
2023-02-03,151.9215545654297,154.75349514117664,145.36287177724367,145.5595309829737,154357300,0.024399887891823013,144.39641462053572,136.48825872512091,136.57246994018556,0.017541116434501833,0.01438972858367228,0.019732042787171243,84.7536410850447,3.7560080213235096,0
2023-02-06,149.19778442382812,150.54493079230497,148.26364190831887,150.02377712562708,69858300,-0.01792879324723129,145.4878867013114,137.73893592471168,136.6029524230957,0.020845016098028264,0.01498343345562904,0.019811343252686592,76.32550905094442,4.039712832031,1
2023-02-07,152.0690460205078,152.63936822302708,148.12597415973434,148.12597415973434,83322600,0.019244666452440384,146.7128143310547,138.91094680059524,136.67335678100585,0.021212753342407034,0.013821690496459068,0.019976043100111487,80.2052134714861,4.444998576542304,0
2023-02-08,149.38461303710938,152.0002240332312,148.64712974900905,151.31190929849808,64120100,-0.0176527245593191,147.96583339146204,139.93031238374255,136.74828506469726,0.020681020804726377,0.014940261246269211,0.019937720874942957,73.8881932706505,4.4977320862268755,0
2023-02-09,148.3521270751953,151.75438976697808,147.9096401221254,151.21356571138807,56007100,-0.006911595116276037,148.89014543805803,140.87335495721726,136.87906478881837,0.021520555451956302,0.015258537667191652,0.0195883117342426,69.51959998508798,4.405427755414223,1
2023-02-10,148.7165069580078,149.0414968354293,146.95369947058745,147.1900598433605,57450700,0.0024561823951996242,149.7063729422433,141.70451136997767,137.07711471557616,0.021563541342284612,0.014932766871479352,0.019324075507430167,66.64541905808501,4.311972583686639,1
2023-02-13,151.513427734375,151.9171894883824,148.6279189411094,148.65746211757215,62199000,0.018807063409288727,150.16500854492188,142.67260160900298,137.19619247436523,0.017955995339054506,0.015099060501282709,0.018275226181796857,68.13690387461406,4.412729618383082,0
2023-02-14,150.87326049804688,151.43461079325414,148.56880303013764,149.8096612758476,61707600,-0.0042251518291199774,150.01525224958147,143.5469956170945,137.29696029663086,0.015401667858911039,0.015273986493484866,0.018289372861598725,68.17742245237568,4.3903153262201045,1
2023-02-15,152.9709014892578,153.1383177826238,150.55811427879885,150.78461690781828,65573800,0.013903331738748248,150.55426897321428,144.46602303641183,137.44951431274413,0.014182482449944023,0.015356287474082396,0.018371099878638244,68.21061293652494,4.49005537210104,0
2023-02-16,151.3755340576172,153.95573796607766,151.02100096105386,151.17855953849067,68167900,-0.010429221610834594,150.4551958356585,145.343263171968,137.59336654663085,0.013144738106546738,0.015590609064922139,0.018399261049737593,62.71307510463608,4.389764782479688,0
2023-02-17,150.23312377929688,150.6762863218937,148.55894582557343,150.03616431892533,59144100,-0.007546862083310568,150.576411655971,146.16329374767486,137.78752883911133,0.011395551309263214,0.015836598952576973,0.01804440189490131,66.43995116254933,4.170031280859291,0
2023-02-21,146.22496032714844,149.00213887625634,146.15603126407484,147.9188390818426,58867200,-0.026679625313767108,150.27253069196428,146.67071678524925,137.94027053833008,0.01539237045785636,0.017033286073053926,0.01835671370658807,56.786683389526594,3.6306141448786775,1
2023-02-22,146.64840698242188,147.67260518894304,144.92498541296462,146.60900607426132,51011300,0.0028958575493955863,149.97708783830916,147.04659162248885,138.06785232543945,0.015414272396075335,0.016420979902323343,0.01829120752202796,55.82364030719324,3.2003985818401475,1
2023-02-23,147.13095092773438,148.0566768897737,145.0037677901394,147.810473815914,48394200,0.003290482012329843,149.35101972307478,147.3789556594122,138.21472091674804,0.012841826581521217,0.01633679994519689,0.018282248103150198,47.787087956411305,2.865356861913625,0
2023-02-24,144.48184204101562,144.9545478123535,143.50687229977612,144.87576101262292,55469600,-0.0180051095300805,148.4379599434989,147.61654227120536,138.2627851867676,0.013876392992437083,0.016876765479487455,0.018345583771301063,35.41924721928322,2.3588812230088365,1
2023-02-27,145.6734619140625,146.90447752822308,145.21059884097443,145.46665970602933,44998500,0.00824754070278666,147.39546857561385,147.81254141671317,138.31540908813477,0.01262723806236502,0.016683935016317455,0.018356988107635273,42.65152238236137,2.030245983277979,0
2023-02-28,145.1711883544922,146.81582313308783,144.5999954030627,144.8166553166064,50547000,-0.0034479413955756932,146.5091334751674,147.8923812139602,138.40243270874024,0.012576670245327081,0.01647582822564442,0.018220173787930397,34.04083609640924,1.7095641185285047,0
2023-03-01,143.1030731201172,144.99391093566584,142.80762642427203,144.59999202590106,55479000,-0.014246044671928249,145.4905548095703,148.0109332856678,138.5800553894043,0.01297223210383533,0.01615442577098632,0.017025037946946906,35.040137218775996,1.2738575776660355,1
2023-03-02,143.69398498535156,144.481837933212,141.71450238763347,142.1872231725768,52238100,0.004129274461760701,145.12898690359933,148.0972210112072,138.80863204956054,0.010011322901180151,0.016067411261426502,0.016871041208220333,38.668013891961635,0.9651134271780677,1
2023-03-03,148.73623657226562,148.81502337863614,145.09243318314816,145.79164167073546,70732300,0.0350902063675671,145.42724827357702,148.3702363513765,139.18013931274413,0.017482615572801084,0.017688138143534697,0.01731445836328485,50.03909805356404,1.1144523141885827,1
2023-03-06,151.49366760253906,153.92615502016272,151.12929188498998,151.45426669807628,87558000,0.01853906683280715,146.05049351283483,148.52217392694382,139.6081721496582,0.018564743540599674,0.016257335567475745,0.01744870015863844,49.96078008561147,1.4387214125327432,0
2023-03-07,149.29759216308594,151.69067950386318,148.83472905134718,151.36568955134143,56182000,-0.014496153365398556,146.73845781598772,148.39722333635603,139.93033462524414,0.01789650429781589,0.015680254975276163,0.01736606119775782,47.05453487476574,1.5011972076604252,1
2023-03-08,150.54827880859375,151.13917230662574,149.52408044265695,150.48919246419973,47204800,0.008377138756140212,147.4348602294922,148.46153259277344,140.34083602905272,0.017900694519738945,0.01528182558729333,0.01696654353915731,45.32319552918595,1.6328076945655141,0
2023-03-09,148.30288696289062,152.19289270805663,147.9483539187185,151.22778082054958,53833600,-0.014914762649381741,147.88224574497767,148.28219168526786,140.71370529174806,0.019259632262288252,0.015006840392289746,0.0171378317017928,44.21356441259787,1.538194251377348,0
2023-03-10,146.24464416503906,148.64758887079853,145.36816171354923,147.92868001277867,68572400,-0.013878642823498044,148.33104160853796,148.13266935802642,141.08139862060546,0.019204550796749563,0.014819964469888066,0.01713783948789425,42.739311422204864,1.2823473219696666,1
2023-03-13,148.18472290039062,150.81417020284252,145.4567883472071,145.56511831219402,84457100,0.013265981441085595,148.97257559640067,148.12469773065476,141.5663624572754,0.019580001778942556,0.015063289660829714,0.016498725890292932,53.85807707442798,1.2220479194478742,1
2023-03-14,150.27249145507812,151.07018694052056,147.820318670502,148.98238986483992,73695900,0.014088959467777773,149.1920405796596,148.19879223051527,142.02287353515624,0.015255250100610294,0.015366881878860908,0.016185210740236457,56.695768078810616,1.327423965487668,1
2023-03-15,150.66647338867188,150.92251923505987,147.64309172837056,148.89380784086055,77167900,0.002621783466680183,149.07386997767858,148.15846107119606,142.48097091674805,0.01337448081642186,0.014804040190299576,0.016185040316494977,56.55358973256611,1.4262849653156309,1
2023-03-16,153.4830322265625,154.08376844517147,149.33696504123728,149.84907174243986,76161100,0.018693998568777737,149.67178998674666,148.28273591541108,143.09097702026367,0.013552507758307217,0.015325235667517072,0.01521158601712591,66.58203737706171,1.7121689611913382,0
2023-03-17,152.64593505859375,154.35951419092353,151.93686886777078,153.70953434482817,98944600,-0.005454004627254649,149.97145516531808,148.2672613234747,143.65887176513672,0.013819783892505695,0.015086095094397243,0.01525311478330786,63.014723976704126,1.8498632697894095,1
2023-03-20,155.00946044921875,155.4230948668754,151.80882025865256,152.71486085947325,73641400,0.015483709996717332,150.9295370919364,148.44030543736048,144.30038970947265,0.012287755557176724,0.015248699007746586,0.015181056805900347,67.17088783227331,2.125205699199114,1
2023-03-21,156.8609161376953,156.9790888157361,154.1625247817563,154.93069227015488,73938300,0.011944146396684507,152.44614737374442,148.75591459728423,144.8884716796875,0.008465888419555916,0.015280229405166407,0.014502513562862685,74.19475506686045,2.4644054273137215,0
2023-03-22,155.43292236328125,159.67746084227036,155.41322191031108,156.8805976022137,75701800,-0.009103566456035161,153.48160443987166,149.1943889799572,145.4375714111328,0.010931160718356458,0.014053168086341059,0.014625233007837798,70.05384895703813,2.5881617744324217,1
2023-03-23,156.5162353515625,159.0964541870748,155.28521978995877,156.41776312286146,67622100,0.006969649491304741,154.37356785365515,149.66428556896392,145.99693145751954,0.010471977762472067,0.014079666826098387,0.014631154523424627,65.36965918887797,2.7420452844944805,1
2023-03-24,157.81619262695312,157.9048221395663,155.45264879499626,156.44730394409444,59196500,0.008305574641957802,155.39495631626673,150.17310660226005,146.52801086425782,0.010397381350116083,0.014123744967184439,0.014437157255866485,63.25358741482868,2.9350612042666455,0
2023-03-27,155.8760986328125,158.3282868109909,155.4723219600322,157.5108907515981,52390300,-0.012293377262792227,155.73682294573103,150.71569024948846,147.02186218261718,0.011013749897579422,0.013739927653078557,0.014603530440879512,63.939790364311364,2.8980711794357035,0
2023-03-28,155.2556610107422,156.08291480553032,153.61102618902072,155.57080817581272,45992200,-0.003980325575968169,156.1096409388951,151.17198544456846,147.47675567626953,0.010854554653204045,0.01379702619507716,0.014610405192122138,60.248635798585205,2.786570339081777,1
2023-03-29,158.32827758789062,158.60402382956926,156.92984592593675,156.9495313524544,51305700,0.01979068948046825,156.58375767299108,151.7985135033017,147.96989471435546,0.011796070660202091,0.014170092068384191,0.01477723461086396,71.06783402359767,2.9125653581886297,1
2023-03-30,159.89414978027344,160.00247975071784,158.82070781762587,159.07675364456475,49501700,0.009890034908726753,157.01707676478796,152.59808858235678,148.50870788574218,0.011562346464524118,0.0135619393952568,0.014747896257480382,79.28984085530288,3.103000657927538,1
2023-03-31,162.39556884765625,162.49405610459849,159.4509892058579,159.97293860815142,68749800,0.015644218821140532,158.0117405482701,153.48864019484748,149.09636962890625,0.011091015013331977,0.013740272665191997,0.014833650801550715,79.7770340178511,3.4163836741189755,1
2023-04-03,163.64627075195312,163.76444342844442,161.725889623748,161.7751332479675,56976200,0.007701576546526034,159.03031703404017,154.19864182245163,149.6579135131836,0.011101469728418472,0.012027351330584562,0.014682817524866758,79.04183521453072,3.7227496230548525,0
2023-04-04,163.114501953125,164.3061166832112,162.60239523685718,164.06977129650792,46278300,-0.0032495014789194476,159.78721836635046,154.75201488676527,150.1451028442383,0.011624086034898671,0.011702756238935448,0.014438506826019097,76.87072051478329,3.8779351247584373,0
2023-04-05,161.2728729248047,162.54328933366952,159.34264903941414,162.2379998945446,51511700,-0.011290406470722991,160.55818612234933,155.32226635160902,150.5675341796875,0.011382134319843662,0.011473693876913946,0.01455101257302192,67.55426877701404,3.8084156366572586,1
2023-04-06,162.1592254638672,162.45467221127325,159.53962067833683,159.96308282888376,45390100,0.005495980340573192,161.5444096156529,155.8751685732887,151.02086822509764,0.01068820028646995,0.011432668415594323,0.014513509786127062,71.39054697862466,3.7812542387065093,0
2023-04-10,159.5691680908203,159.5691680908203,157.6487867222166,158.96843186504725,47716900,-0.015972309719893163,161.7216796875,156.41165815080916,151.3811019897461,0.01165883068426591,0.011520323395425075,0.014659712578602642,60.14907154632691,3.510268461394304,0
2023-04-11,158.3578338623047,159.8941387722609,158.0722298566841,159.88429605818737,47644200,-0.007591279963471309,161.50220598493303,156.9884767078218,151.6783676147461,0.011348878049172428,0.011119286788927787,0.014637307648090632,53.42959304390628,3.1613239571069016,0
2023-04-12,157.66845703125,159.59868074602483,157.35330987869057,158.77144201112134,50133100,-0.004353285304812382,160.826904296875,157.44008309500558,152.01946716308595,0.008533713452039224,0.011038134629842539,0.014316985704691759,55.30126166756644,2.7969148808191733,1
2023-04-13,163.04554748535156,163.28190788405584,158.96842452673738,159.1752417539843,68445600,0.03410378052368346,160.74108668736048,158.04832385835192,152.4427392578125,0.01664248280807781,0.012770200049073964,0.014978166896044242,62.863759973881976,2.9084772090597255,0
2023-04-14,162.70091247558594,163.79405517163002,161.33202342621988,162.09031838433074,49386500,-0.0021137345673091223,160.6820024762835,158.62139238630022,152.83669921875,0.01661567961597747,0.012836823276921835,0.01497680539395285,60.00008746659869,2.93524630067364,1
2023-04-17,162.7205352783203,162.8781088558677,161.53876350080176,162.58266215472722,41516200,0.00012060659301660337,160.88881138392858,159.06127348400298,153.12505035400392,0.0158956823780669,0.012387242777916118,0.014134214258149506,65.20788933182618,2.924334487191288,1
2023-04-18,163.9417266845703,164.8674527745674,163.13417327770642,163.5773508935462,49923000,0.007504838920061596,161.1434544154576,159.5991683233352,153.36545379638673,0.01600007857042333,0.012274659622241517,0.01378429650895129,68.7980228805869,2.9798765747086122,1
2023-04-19,165.08412170410156,165.60607111909823,163.02585218946157,163.2819130529251,47720200,0.006968299301429504,161.93130493164062,160.07891409737724,153.6831805419922,0.014009507744850516,0.01199565005756766,0.013510799757572904,65.95357672797294,3.0805649744673076,0
2023-04-20,164.11898803710938,165.32046042282218,163.04554607797024,163.56749547193866,52456400,-0.0058463143337437184,162.75432695661272,160.4245365687779,153.9241793823242,0.013762539306054596,0.011965842540544273,0.013326281134117194,60.26806541502225,3.0473550239259737,0
2023-04-21,162.51373291015625,163.92200731179602,161.99178358382397,162.5432760775303,58337300,-0.009781044510158377,163.4465092250279,160.76171802339098,154.18676177978514,0.014522271369295585,0.011998777116782862,0.013139220098080443,50.300266300225985,2.858553599284221,1
2023-04-24,162.8190155029297,163.08491902519904,161.4008834202169,162.49402564838778,41949600,0.0018785033566499632,163.41414751325334,161.06185041155135,154.47609954833985,0.006357531288924691,0.011948738590212204,0.0130793540111603,47.791763029677504,2.7024091731418878,0
2023-04-25,161.28273010253906,163.78414697340926,161.24332919160244,162.68116189989732,48714100,-0.00943554041059158,163.21155003138952,161.22692362467447,154.72742401123048,0.007265879321323024,0.0121030301818205,0.013177641196352827,45.35922900583349,2.4267244292881855,0
2023-04-26,161.2728729248047,162.76979197769046,160.32746143764658,160.58350725145092,45498800,-6.111737895375668e-05,163.00474112374442,161.4839128766741,154.92261291503905,0.0072605836455612105,0.011714095760167426,0.012946125762766445,50.0,2.182290801785399,1
2023-04-27,165.8522491455078,165.99996498511996,162.68115222078845,162.68115222078845,64902300,0.028395204584954037,163.27767290387834,161.98851231166296,155.22219268798827,0.01326823925758177,0.012991742723817826,0.013471682436260212,58.549895645956475,2.331219928307547,1
2023-04-28,167.1029815673828,167.27041291997128,165.33033104891717,165.93106728858945,55275900,0.0075412448629363915,163.56608145577567,162.40635535830543,155.5048342895508,0.013307639547647522,0.012475690077592813,0.013386576101627317,68.59505875263633,2.521109210053595,0
2023-05-01,167.0143585205078,167.86129792357815,166.07878959348815,166.70906903109534,52472900,-0.0005303498839083209,163.97970581054688,162.7454129173642,155.8176107788086,0.012944425075761799,0.01237999031954259,0.013273900716498017,72.61977860037543,2.6340826297899014,0
2023-05-02,165.9803009033203,167.76282424517206,164.99548835131355,167.5067633643402,48425700,-0.006191429445633778,164.4749298095703,162.9161144438244,156.13255432128906,0.012434529162853966,0.012103762345526686,0.013255263874871623,71.33480754904978,2.6100876059354334,0
2023-05-03,164.90684509277344,168.32414556576836,164.6212560883793,166.925713661642,65136000,-0.006467368746199242,164.77319117954798,162.97614179338728,156.50619201660157,0.01295858988043008,0.012112817539059979,0.012654852454594244,56.1324112579532,2.4759116951689464,0
2023-05-04,163.2720489501953,164.50306450874902,161.81453073644045,162.3857237588548,81235400,-0.009913452298832226,165.05737958635603,162.983644031343,156.83866485595703,0.013029288295853914,0.012300001467053458,0.012775457309448603,51.734283490251315,2.212161512167114,1
2023-05-05,170.9339141845703,171.65282310766082,168.1665784150509,168.3832383689214,113453200,0.04692698648445437,166.4375283377511,163.44369361514137,157.31472412109375,0.021345665519341982,0.015693042821412803,0.014254305898784023,67.03433373714051,2.5915127377748775,0
2023-05-08,170.86495971679688,171.20965008439242,169.49607101524845,169.86044681233005,55962800,-0.00040339840167102903,167.15362984793526,163.8582523890904,157.84238647460938,0.019582910163729268,0.01569685208883396,0.01393619320852533,65.07930810549244,2.853691686473951,0
2023-05-09,169.16123962402344,170.9043468501181,168.993823309898,170.421798364417,45326900,-0.009971149705576221,167.44766671316964,164.3150177001953,158.31214202880858,0.02022623910517005,0.015393357762471709,0.014046044856850275,58.6683025831216,2.8906725455870514,1
2023-05-10,170.92405700683594,171.38692008917508,169.28926463206565,170.3922648627901,53724500,0.010420929680643898,168.00619506835938,164.91340927850632,158.82719940185547,0.02042752377885325,0.015281300725219833,0.014051244928364867,63.993516212293216,3.0273276247679917,1
2023-05-11,171.11117553710938,171.9384144483228,169.5551699505623,171.20966280003566,49514700,0.0010947466000408301,168.73917715890067,165.5535387311663,159.3873614501953,0.020034077650986692,0.015182744960697946,0.013824461731775914,68.774215733446,3.1148209442077075,0
2023-05-12,170.18417358398438,171.65356424240227,168.63587209674515,171.21964497087455,45533100,-0.005417541842110518,169.49308122907365,165.89347330729166,159.91716522216797,0.019941775397528824,0.013636887075910535,0.013883844182200865,65.65811490028995,3.0739244324743424,0
2023-05-15,169.6910400390625,170.8152782783789,169.09932936665282,170.76596654770685,37266700,-0.002897646323607894,170.4100799560547,166.22633652460007,160.33626129150392,0.0192505953349055,0.013650149517233671,0.013138297038466404,68.70549337895591,2.967514239555868,0
2023-05-16,169.6910400390625,170.7462388458725,169.4247687316954,169.6121442795527,42110300,0.0,170.23252650669642,166.55826532273065,160.7002087402344,0.00632158297641265,0.013651045840462029,0.012942989434363644,68.7356390540301,2.8503266041974484,1
2023-05-17,170.30250549316406,170.53917778241149,168.06388478776768,169.3360585337975,57951600,0.0036034044812314203,170.1521759033203,166.8611595517113,161.12030700683593,0.006563988062640224,0.013600069953164366,0.012713215480114889,62.02918826530107,2.7748084462899953,1
2023-05-18,172.62985229492188,172.81722786089622,170.19400003291315,170.60819152451643,65496700,0.013665957497326575,170.64769199916296,167.22048005603608,161.5619384765625,0.006921271868825013,0.0138018907344755,0.012783101904794755,64.11763100968565,2.8696773444082737,1
2023-05-19,172.7383575439453,173.95134816577144,172.5213979143073,173.95134816577144,55809500,0.0006285427901431273,170.90687779017858,167.63092622302827,162.0506478881836,0.0060936535226300045,0.013684517670336384,0.012529491787158675,64.60633207904507,2.9199576423500275,0
2023-05-22,171.79161071777344,172.2945693897219,171.05197977463047,171.57465110395842,43570900,-0.005480814103092424,171.00408281598772,168.0727299281529,162.56158721923828,0.006652314929685275,0.013522332389264778,0.012351851980354734,64.89550268068204,2.850551204263894,0
2023-05-23,169.18812561035156,170.9829707500323,168.9119979039132,170.73642708015296,50747300,-0.015154902480651322,170.8617902483259,168.37602088564918,162.9816552734375,0.008791168089123433,0.014075667815208658,0.012536392271942145,60.17561751184831,2.5560026051227,1
2023-05-24,169.46424865722656,170.03623176135926,168.16250594092847,168.72461766792532,45143500,0.0016320474376017025,170.8293914794922,168.76561700730096,163.36549041748046,0.008778166873282884,0.013834298187193525,0.012429381071738115,65.73358684155839,2.3181295855448525,1
2023-05-25,170.59835815429688,171.49576564962197,169.31632809947834,170.02637505144455,56058300,0.006692323047820414,170.9590083530971,169.20968773251488,163.76412811279297,0.00915460379241217,0.013851525601383488,0.012443641548677997,48.7241727805735,2.1958146772596194,1
2023-05-26,173.00462341308594,173.33993425328168,170.71670589408566,170.92380920574092,54835000,0.014104855901442725,171.34502519880022,169.55027698335192,164.15455993652344,0.01045854285939121,0.012844070882198886,0.012338714080182363,56.90756060771755,2.2669131637514113,1
2023-05-30,174.84877014160156,176.51540772383512,174.1288668535482,174.51347436884586,55964400,0.010659522804268295,171.6620134626116,169.91912405831474,164.5986166381836,0.009963950098346013,0.012927998373526064,0.012337929002860595,68.19629491492988,2.443894757850188,0
2023-05-31,174.79946899414062,176.8704419237823,174.31623796446905,174.87836477742368,99625300,-0.0002819645080774924,171.95645795549666,170.2898436046782,164.99441680908203,0.009988751348909697,0.012925452185298022,0.012207760426073744,63.92555462832692,2.550772043368312,1
2023-06-01,177.6001739501953,177.62975798334406,174.4838587106697,175.24321733975688,68901800,0.01602238823819646,172.78625270298548,170.84317089262464,165.40920196533204,0.01068095553484236,0.013107765214533737,0.012285673504541673,69.62992094726648,2.8288572402730097,1
2023-06-02,178.44830322265625,179.26683000310032,176.7816656255451,178.52719900186148,61996900,0.004775497982894894,174.109135219029,171.48800223214286,165.86950958251953,0.006179678673331977,0.012916755791277112,0.012173054079257726,75.1197552577289,3.082149604422881,0
2023-06-05,177.09722900390625,182.39298156722955,175.57851175717974,180.10506441660397,121946500,-0.00757123600701437,175.1995609828404,172.14634413946243,166.2811294555664,0.00829301453389487,0.012801629635805572,0.012245789110049926,71.39601395802366,3.1376958255012823,0
2023-06-06,176.73236083984375,177.62976831057978,174.97695616659206,177.4818481362361,64848400,-0.0020602703165640834,176.07584708077567,172.4224606468564,166.65945281982422,0.008871249915147482,0.008224725874597267,0.01223403731326161,69.92194582833262,3.116351434905283,0
2023-06-07,175.36155700683594,178.7046879636189,174.86846975629078,175.97298038220674,61944600,-0.00775638273881285,176.4125518798828,172.63658432733445,167.0491619873047,0.009016654669137427,0.008468172924650633,0.012139755858436954,63.72384583925943,2.9547627725755206,1
2023-06-08,178.07354736328125,178.3398036598064,175.00654388250445,175.44044804834044,50214900,0.015465136160598636,176.87323434012276,173.06097993396577,167.50551971435547,0.009925686265204329,0.008597775731358647,0.012241263571381838,64.4654062549163,3.010830569582623,1
2023-06-09,178.45819091796875,179.71062202681557,178.1327514419261,178.9907186665087,48900000,0.002160026350813471,177.39590890066964,173.4197482154483,167.90811798095703,0.009847818059205968,0.008403214103032177,0.011993830632334997,64.97935246583586,3.0511306876164497,1
2023-06-12,181.24900817871097,181.3476316497168,178.46800386072707,178.76385922591572,54274900,0.015638493511486162,177.91717093331474,173.90250215076264,168.33521514892578,0.009763954533922202,0.008901650472762394,0.012093583317394888,72.58594904714847,3.2705634312335974,0
2023-06-13,180.77566528320312,181.60404834381112,179.91769818813273,180.2727216495119,54929100,-0.002611561300468579,178.24965122767858,174.4068588983445,168.70281707763672,0.009931553412713111,0.008792807449326784,0.011966052835900742,80.80756776317222,3.367452746605551,1
2023-06-14,181.4068298339844,181.84074910193183,179.50351991974284,180.8348467124019,57462900,0.0034914243009007695,178.8653084891183,174.96475365048363,169.05802825927734,0.009011777189502754,0.00869154657425453,0.011941451326282616,81.16318497418686,3.455336957895412,1
2023-06-15,183.43832397460935,183.94128262941163,181.23915892536104,181.41667817053525,65433200,0.011198553783692056,179.82330322265625,175.619386218843,169.46450469970702,0.009047706815696884,0.00882659082568659,0.011983312636940918,82.00590307096606,3.646871562484108,0
2023-06-16,182.36341857910156,184.4048073735327,181.7224110612984,184.14839232814637,101256200,-0.005859764591267025,180.82356916155135,176.19371541341147,169.88631561279297,0.00860678159130279,0.009072761058696196,0.011880674726879831,74.98692270462912,3.6696270580331998,1
2023-06-20,182.45211791992188,183.52705943809016,181.8604223164237,181.8604223164237,49799100,0.0004863877937331118,181.44907924107142,176.66144234793526,170.29217346191408,0.007554740117575447,0.008770873295803783,0.011876268251517594,72.39976156932696,3.652712056856103,0
2023-06-21,181.41668701171875,182.84663717983523,180.0656175699355,182.34367850052172,49515700,-0.005675082975236112,181.87172154017858,177.07469613211495,170.72912384033202,0.008327357808917945,0.008950447121492615,0.01163754175624035,68.42408021072309,3.5152347378224533,1
2023-06-22,184.41465759277344,184.46396933431623,181.13069423738705,181.19973368511316,51245300,0.016525329783257714,182.32395717075892,177.67579360235305,171.2502603149414,0.008565994179107389,0.009267330445543669,0.011704626512644626,68.76716634673247,3.6066192807967923,0
2023-06-23,184.09906005859375,184.96689848868263,182.45215034536935,182.98469303577104,53117000,-0.001711347342447156,182.7987278529576,178.3858380998884,171.77887237548828,0.008482677799248788,0.008337529523067091,0.0116761416495766,66.03251458099552,3.6119399111036614,0
2023-06-26,182.7085876464844,185.45015206010265,182.66913223239737,184.2470177435845,48088700,-0.007552849056735034,182.9846932547433,179.01652090890067,172.17213317871094,0.009286206058336095,0.008704281536157701,0.01088312350635874,65.88521913417605,3.464025911533639,1
2023-06-27,185.45997619628903,185.78541559077308,183.10301971608257,183.31997931240525,50730800,0.015058890144387549,183.27350071498327,179.7242170061384,172.627314453125,0.010070262994832628,0.009036788336888483,0.011010025605996109,71.76601494923943,3.5281467829485678,1
2023-06-28,186.633544921875,187.274552399172,185.00636283468697,185.33178721386028,51216800,0.006327881355618681,183.8835187639509,180.37321326846168,173.1055746459961,0.009606394923996663,0.008758072093359633,0.01101556562021707,78.39079099176249,3.631795149967701,1
2023-06-29,186.96885681152344,187.44223149955704,186.3278492789131,186.46591313429835,46347300,0.0017966324852738413,184.52876717703683,180.95036025274368,173.56611724853516,0.00955389030659522,0.008615986090447272,0.010995420945896587,75.45180920147857,3.6983616834165502,1
2023-06-30,191.28829956054688,191.79124321876165,188.61575961709715,188.9806544729763,85213200,0.023102471837744165,185.93899754115515,181.7355426606678,174.09020080566407,0.011009188352097016,0.00959470002925896,0.011354408043186921,79.9634381013471,4.0529393100189,0
2023-07-03,189.7991943359375,191.19956064074088,189.10885998965753,191.10093714903456,31458200,-0.007784612169329463,186.70821707589286,182.31644839332216,174.60380493164064,0.01156304181420096,0.009552368832226784,0.011388530928040616,71.26076896867563,4.165765930493279,0
2023-07-05,188.684814453125,190.31199675191496,187.98462376800288,188.92150180749704,46920300,-0.005871362556155502,187.36332484654017,182.80390130905877,175.1272265625,0.0120142001242134,0.009745797991196566,0.011312331393893186,69.05917185001944,4.117793338441231,1
2023-07-06,189.15814208984375,189.36524537083605,186.5842258571581,187.2153769807983,45094300,0.0025085624303715637,188.2846897670201,183.37823050362724,175.6540090942383,0.011020760290883586,0.009458379449397642,0.011311347665732394,68.82200112934235,4.071039884481252,0
2023-07-07,188.0437774658203,190.0062704618662,187.60987325439865,188.76369580404943,46815000,-0.0058911797912148955,188.653804234096,183.91686939057848,176.18923004150392,0.010679477989490782,0.009600471560813523,0.011242302915440764,61.7044362560138,3.89912088490982,0
2023-07-10,186.0023956298828,187.36332142042107,184.4540942539423,186.6434031135775,59922200,-0.010855886131667103,188.56364004952567,184.42357599167596,176.68382049560546,0.011471650379571182,0.00979597595169808,0.01140739378885282,58.81516265343481,3.5571468113256515,0
2023-07-11,185.47976684570312,186.68290136167764,184.02023228698292,186.5448374851478,46638100,-0.002809795983593877,188.35091291155135,184.77625310988654,177.07637084960936,0.01145488286815731,0.00942437897111345,0.01082390337794657,57.18324849941716,3.206989935433967,1
2023-07-12,187.1463623046875,189.04967210294507,185.86433228601203,187.05759515232103,60750200,0.008985322158458375,187.75920758928572,185.18997555687315,177.47723846435548,0.006772070672718502,0.009547625100803552,0.010840099088871563,63.198649695534776,3.029051394806089,1
2023-07-13,187.9056854248047,188.5467078881079,187.1561982107916,187.86624506525828,41342300,0.0040573757927548915,187.48870631626673,185.50696018763952,177.8950650024414,0.006885721545542132,0.00906130737546827,0.010834851783762221,58.966578929629065,2.9156945375736143,1
2023-07-14,188.0536346435547,188.53685056119244,187.00829198764853,187.59998771190843,41616200,0.0007873589264504322,187.3985377720424,185.85353015718005,178.3365316772461,0.006621716356489692,0.009009566092407068,0.010766431585364299,60.24541526492439,2.8054571137438984,1
2023-07-17,191.30799865722656,191.6334380513428,189.15813040004863,189.24688249449068,50520200,0.01730550978097467,187.7056601388114,186.32501438685827,178.86455474853517,0.00947450780241225,0.009614079656412056,0.010884077157401563,70.31696236409896,2.9467251262073546,0
2023-07-18,191.0515899658203,191.64330071064,189.75970372238763,190.6768538720752,48288200,-0.001340292581627267,188.1353476388114,186.68755086263022,179.42014556884766,0.009015489159672957,0.00943968050052297,0.010742590398354228,64.97634530944003,3.0033700252479036,1
2023-07-19,192.40267944335935,195.48939585264796,189.9865395225249,190.4303301514657,80507300,0.007071856757542516,189.04967389787947,187.16561090378534,179.84952087402343,0.006967796366950436,0.009323737212753775,0.008720364574806636,65.30625794489376,3.1213027104509194,0
2023-07-20,190.4598846435547,193.7537038386121,189.83858989767532,192.39277822300156,59581200,-0.01009754544700403,189.76111929757255,187.54693312872024,180.2414193725586,0.008647677186468456,0.00972108041291758,0.00889021797914557,58.53420350965149,3.0231489303782553,0
2023-07-21,189.2863616943359,192.2744696321092,188.5861710830146,191.41650251566855,71951700,-0.006161522944398645,190.06683349609375,187.9216795421782,180.64392181396485,0.009027706737376125,0.009741073158981805,0.008799532831410826,44.21647136822923,2.818181614652815,1
2023-07-24,190.0851593017578,192.21530010696893,189.59207198839397,190.73603816687745,45377800,0.0042200483979497605,190.37818690708704,188.1917034330822,181.0271438598633,0.009035111722445343,0.009182056678270333,0.00872596675190375,50.860462788577124,2.689200403042321,1
2023-07-25,190.943115234375,191.75178560391285,190.2527960456413,190.65713123041024,37283200,0.004513534542984532,190.7909698486328,188.51761082240515,181.4237826538086,0.009083144043581704,0.009174248993952666,0.008730806816836058,56.90168457063128,2.6259415178805625,1
2023-07-26,191.8109893798828,192.93522799592873,190.6473103947794,190.9924625294884,47471900,0.00454519737170167,190.86282566615515,188.95105852399553,181.85631896972657,0.006448392473172903,0.008935666026656696,0.008666091575267622,57.91656003912358,2.615686579371186,0
2023-07-27,190.5486297607422,194.47359988570312,189.88789468037692,193.30992124955097,47460200,-0.006581268483217717,190.79097420828683,189.19337536039808,182.27347076416015,0.006966624584150141,0.008640366002490081,0.008727763791154409,57.40947029946974,2.477142637082011,1
2023-07-28,193.12257385253903,193.9115165426313,191.4559363697747,191.97860770429688,48291400,0.013508069278843626,190.89381626674108,189.50237673804872,182.74210144042968,0.00838968063136431,0.00898348372501698,0.00886131516073849,70.41849719076535,2.5456961410491488,1
2023-07-31,193.73402404785156,193.7734794641123,192.5604737033273,193.34941650238693,38824100,0.0031661249284062887,191.3615504673549,189.82452755882628,183.21073181152343,0.006955770382267404,0.008989440098070596,0.008860549182961273,73.55071611981391,2.6191720228027577,0
2023-08-01,192.90560913085935,194.0101198390568,192.58016971551623,193.52690392813537,35175100,-0.0042760424817666065,191.8785858154297,189.9015423002697,183.61624694824218,0.006593399302662818,0.00761551475333777,0.008766884825176,67.25746422202906,2.580806101763585,0
2023-08-02,189.9175262451172,192.48157144604937,189.19762292480593,192.343507589444,50389300,-0.015489870404520767,191.8546382359096,189.9071771530878,183.95983032226562,0.0094428360311508,0.008194614425850868,0.009117473044435257,55.31810708817422,2.2829708496450394,0
2023-08-03,188.52700805664065,189.710414639766,188.0536484329567,188.92148694956984,61235200,-0.007321694927101441,191.50948006766183,189.899662562779,184.29453826904296,0.00954070801329534,0.008253020744218844,0.00915169783977753,51.17418229631504,1.912682852469743,0
2023-08-04,179.4739227294922,184.78940327661547,179.40488328381886,182.95511789971007,115956800,-0.048020097600172895,189.7470419747489,189.43850925990515,184.50025421142578,0.01936369908022677,0.013303296922645714,0.011324155096490263,27.203845575025625,0.8785907732867315,0
2023-08-07,176.37734985351562,180.59817633552169,174.8980878140883,179.61200164257014,97576100,-0.017253608930383746,187.72257341657365,188.88296508789062,184.63851623535157,0.01953447396779454,0.013677608532980447,0.011622009881177977,24.520759535927468,-0.18862781758454616,1
2023-08-08,177.31417846679688,177.77768168655695,175.1248698685598,177.20569866966517,67823000,0.005311501811651631,185.46423121861048,188.46924046107702,184.77283264160155,0.018020685332527327,0.013665635201902863,0.011609518496847701,23.419079855660343,-0.9478853675771006,0
2023-08-09,175.7264862060547,178.4285954688005,174.56279214243577,178.3694273897379,60378500,-0.008954119035886832,182.89172581263952,188.00479852585565,184.82726989746095,0.016867886979102884,0.013745231143039327,0.011529519368470957,23.7157989181091,-1.6585966726438528,0
2023-08-10,175.50949096679688,178.25105509162734,175.14461118800062,176.99860916334498,54686900,-0.0012348465159849331,180.4065660749163,187.4506617954799,184.84048431396485,0.01718764955261181,0.013497786540441068,0.011435375604247002,24.55378708154072,-2.2138305441595207,1
2023-08-11,175.56874084472656,176.3883728930982,174.34424265962002,175.10462674008653,52036700,0.00033758788543747364,178.3567395891462,186.86318824404762,184.85586975097655,0.01787583287946919,0.01342524968212323,0.011435244589458653,22.43476295613776,-2.6188875125587856,1
2023-08-14,177.2178955078125,177.44501774834183,175.09474782272636,175.74650562753334,43675600,0.009393213479525153,176.74115208217077,186.34720066615515,184.84822418212892,0.01949512367300083,0.013680089436089744,0.011284931813456658,24.69746529078776,-2.7748384689495253,0
2023-08-15,175.2329864501953,177.2376229940336,174.8379899652799,176.6451282666605,43622600,-0.011200387251690813,176.1353040422712,185.58172389439173,184.78391784667969,0.009502851422767217,0.012989325295804597,0.011373357382899045,20.647240377632542,-3.0237404995618817,0
2023-08-16,174.364013671875,176.30938743269644,174.29488099061055,174.91701484938284,46964900,-0.0049589566206890145,175.8476845877511,184.78707740420387,184.72925354003905,0.007416632998465412,0.012975035594558912,0.011345237333834836,20.938930038626623,-3.253610397604973,0
2023-08-17,171.8260955810547,175.29223725703497,171.31258808782235,174.9268647491592,66062900,-0.01455528602132472,175.0636727469308,183.80724007742745,184.63112823486327,0.008094477064164407,0.012888547008949699,0.011522217902432201,11.710541187986578,-3.5990847192984177,1
2023-08-18,172.3099822998047,172.91236175457905,169.81159252872837,170.14734105941557,61172200,0.002816142199551619,174.57560076032365,182.94295901343935,184.57009674072265,0.008225148934554031,0.012955642355011865,0.01148322815658515,11.303692124181325,-3.7901396237528218,1
2023-08-21,173.64312744140625,173.92951274494206,171.56937297444222,172.88275833759562,46311900,0.007736900229506238,174.30897739955358,182.19804309663317,184.48148834228516,0.00915141101099247,0.01322809259453286,0.011317711444578339,15.830926169729949,-3.790286279778769,1
2023-08-22,175.01576232910156,175.46013721394584,174.04801023595033,174.8478880423005,42038900,0.007904919174866132,174.22998046875,181.48045276460192,184.4126397705078,0.00982543829501137,0.013366496408249287,0.011373672390268324,21.95918901753423,-3.6377090958259544,1
2023-08-23,178.8571319580078,179.28176749229362,176.1019960768648,176.28962468028294,52722800,0.02194870666381976,174.4641571044922,180.90492975144159,184.36480224609375,0.012652408580926047,0.014411835475401407,0.011587427428283512,33.340676430707845,-3.1702791483054114,0
2023-08-24,174.17636108398438,178.83739189345877,173.81097351698816,178.41275636104422,54945800,-0.026170445778602724,174.3132106236049,180.065185546875,184.23281616210937,0.015965504195053496,0.015146803625408494,0.012152716726592624,39.25448275392471,-3.1413253942065182,1
2023-08-25,176.37852478027344,176.91177162464882,173.62338845938783,175.16389608553052,51449600,0.012643298336145747,174.6009979248047,179.39041864304315,184.13225006103517,0.016567675458470533,0.015587437955409478,0.012284881349421801,50.002472937393584,-2.9071710709868057,1
2023-08-28,177.9387664794922,178.33376298082638,176.31925671498092,177.8400098200833,43820700,0.008845984516326233,175.47423662458147,178.6673801967076,184.0222589111328,0.015014937968233534,0.01536385263276373,0.012243646408799299,51.28099046822669,-2.566122949199098,1
2023-08-29,181.8196563720703,182.5899100858624,177.2573820568172,177.45488030453177,53003900,0.02181025511956336,176.83276149204798,178.10002935500373,184.01138366699217,0.016202000406797167,0.016295601032347836,0.01261765193757868,61.42228014251749,-1.960089780308465,1
2023-08-30,185.30555725097656,185.50307057198083,182.4319252754348,182.62942352828824,60813900,0.019172299345747268,178.49882289341517,177.73812212262834,184.06845245361328,0.016759485359300406,0.016984650460725458,0.012905228579479441,66.35883615911919,-1.184862700036291,1
2023-08-31,185.5228271484375,186.75721017905872,185.13770024560975,185.4932031611548,60794500,0.001172495313600752,179.9998321533203,177.52885073707216,184.15057525634765,0.01705357480334838,0.016698620425008838,0.012875823093221805,66.53545123323075,-0.5466562755237874,1
2023-09-01,187.09295654296875,187.5472010181368,185.92769123419916,187.12258052751665,45766500,0.008463267936699603,181.17637852260046,177.46056256975447,184.20414123535156,0.016009384197317143,0.016754053075737373,0.01272097265617265,66.44735905792608,0.08484519139906865,1
2023-09-05,187.3299560546875,187.6064566338381,185.26607135025952,185.92769881238064,45280000,0.001266747375731958,183.05546351841517,177.83465939476378,184.26875915527344,0.008029751568329154,0.01268159022274948,0.012718007970737544,71.39368314701706,0.5975503451492443,0
2023-09-06,180.6247711181641,186.49056063180015,179.2027597126584,186.0461707664675,81755800,-0.0357934474428957,183.66207013811385,178.03691755022322,184.22708282470703,0.019098221292225912,0.01459817889066275,0.013671050386551763,59.177707144566746,0.45754617898981564,0
2023-09-07,175.3416290283203,175.98351721110967,171.3718491931888,172.99135904079122,112488800,-0.02924926662682148,183.29105050223214,177.94298662458147,184.02471588134765,0.022471571321827928,0.015996873651721602,0.014095402697776779,54.76957626676537,-0.07880512849004617,1
2023-09-08,175.95387268066406,177.98814840122637,175.56874581023814,176.12176201867752,65551300,0.003491718742072658,182.45308140345983,177.95381455194382,183.81112243652345,0.020205321861460186,0.015894713954903706,0.014070902512359268,54.92656142079451,-0.44928537571902893,1
2023-09-11,177.11912536621094,178.0473836718388,175.1243584797436,177.82026144859472,58953100,0.006622489563851142,181.2835911342076,178.03046380905877,183.6141278076172,0.018213767334398764,0.015952048537364188,0.01410753879976221,54.72100238119416,-0.6414729862312356,0
2023-09-12,174.09738159179688,177.8795329175836,172.63587633671216,177.2475294233725,90370200,-0.017060516577000473,179.65138462611608,177.9603990827288,183.2703094482422,0.01827243898900878,0.01640925629914368,0.0138491913621661,48.80615980047058,-1.0257878769136255,0
2023-09-13,172.03346252441406,175.08485308011382,171.80632524830068,174.30471474035696,84267900,-0.011854969032343288,177.5000283377511,177.7135213216146,182.9149948120117,0.016592182291076302,0.016438594705489116,0.01389704875364765,40.6998624099717,-1.479842513143609,1
2023-09-14,173.54437255859375,173.89987544974738,171.41135521167203,171.82610607332606,60895800,0.00878265200274786,175.53065926688058,177.63311113630022,182.6121859741211,0.017779154730239315,0.016414178298167124,0.01396525025648636,49.05718359720721,-1.6981905870856053,0
2023-09-15,172.823486328125,174.29487626046748,171.64836639188815,174.27512191376346,109259500,-0.004153901505652979,174.41619001116072,177.55975269135973,182.28549285888673,0.013953554804746273,0.01640376753867085,0.013957276034472907,44.45127170413642,-1.9074150099882559,1
2023-09-18,175.7465057373047,177.13889330258442,173.96899129951683,174.27511585610648,67257600,0.016913322785480744,174.47402954101562,177.74643888927642,182.0395474243164,0.012021010831600034,0.01647298015805045,0.014188476144499439,46.71792603774412,-1.8164250179690384,1
2023-09-19,176.832763671875,177.38576479928514,174.91699900323945,175.30212586469654,51826900,0.0061808223726165235,174.5995853969029,177.96180943080358,181.85615478515626,0.012178531921640317,0.016505763032606483,0.014157666885710319,41.852243904409136,-1.6377835078689316,0
2023-09-20,173.29750061035156,177.45489404541186,173.20861358406935,177.0203888259045,58436200,-0.01999212695721564,174.0536390032087,177.94535101027716,181.61250946044922,0.014058368847243994,0.017070058281174874,0.014410956245898408,30.412420401189948,-1.7611732982212231,0
2023-09-21,171.7569580078125,174.0973581099587,171.6878404044714,172.36922214048295,63149100,-0.008889583503012388,173.71929277692522,177.79016985212053,181.30472137451173,0.01299813429728056,0.01707681751755433,0.014373404424534872,28.474345111011644,-1.9606681472955358,1
2023-09-22,172.60621643066406,174.86761425499944,171.87547142547365,172.48772049861157,56725400,0.004944535771371328,173.80111476353235,177.4925072079613,180.9987319946289,0.012381194157358623,0.016333431148190775,0.014381091827201606,26.824644596038766,-2.0268766232682083,1
2023-09-25,173.88011169433594,174.75899170155245,171.97421669351675,172.02359502231215,46172700,0.007380355644279968,173.84907749720983,177.47840009416853,180.71526153564454,0.012236110075772045,0.015421696138016989,0.014433508283247218,29.174339411517593,-1.9540297771616508,0
2023-09-26,169.81161499023438,173.01112622988728,169.5153600429677,172.63588402695854,64588900,-0.023398286695683668,173.41881016322546,177.16569010416666,180.2853338623047,0.015213796644399973,0.015944802674766816,0.014501063761594038,31.768305891711606,-2.1992403353579277,0
2023-09-27,168.30068969726562,170.87808171574733,166.93794126401278,170.46333088230946,66921800,-0.00889765575255641,172.35512215750558,176.7067340669178,179.8303158569336,0.012664588506231981,0.01582866154470535,0.014530458404399442,36.39832264598881,-2.4868239546333655,1
2023-09-28,168.55746459960938,169.8807195182162,165.5258128129139,167.2243249736919,56294400,0.0015256913254819704,171.17293657575334,176.07520112537202,179.3534115600586,0.012018215029435663,0.014858360012833274,0.014477530611655565,35.51266119010346,-2.66331541393987,1
2023-09-29,169.07095336914062,170.90771561508154,168.21181267677895,169.870831028669,51861100,0.00304637217195336,170.56914411272322,175.30212475004652,178.9256329345703,0.010892831056907509,0.014021502159865149,0.014456799811750593,33.82301793669984,-2.730278958403261,1
2023-10-02,171.57923889160156,172.12237043121976,168.79446358018748,169.08084887750982,52164500,0.014835697513247537,170.54375566755022,174.63814435686385,178.5714904785156,0.012498179146048113,0.014591685236486445,0.01464536722726884,44.83180642659981,-2.5515378309528955,0
2023-10-03,170.24606323242188,171.46070671019788,168.68581669291316,170.1078129668395,49594600,-0.007770028983646093,170.2065909249442,173.8359113420759,178.1747085571289,0.01256987946078122,0.014347994134119397,0.014642007873166158,46.21813361331135,-2.4887713269197604,1
2023-10-04,171.49034118652344,172.03347264460572,168.83394692911625,168.95244285882518,53020300,0.007308703240925141,169.86519513811385,173.08164396740142,177.78565307617188,0.01256109172781804,0.014526444552667231,0.014673060960267059,45.6043844806001,-2.3119745843794988,1
2023-10-05,172.7247314453125,173.2579782200924,170.52258153582127,171.61871413723316,48527900,0.007198016227902171,170.28135463169642,172.70545160202752,177.40392791748047,0.008504735048624581,0.012757767353788215,0.014702125829454389,49.793209923878756,-2.0486414510968984,1
2023-10-06,175.27249145507812,175.76624458491796,171.016326818613,171.6285909459562,57266700,0.014750406548307726,171.27732631138392,172.70215933663505,177.0984051513672,0.007915908971496315,0.011630602229647603,0.014874580490138161,48.99157879838653,-1.6157398621210177,1
2023-10-09,176.75375366210938,176.81300162773064,173.60360623261292,174.60098214625398,42390800,0.008451196161668673,172.44822474888392,172.74024890718005,176.7710287475586,0.007716795241751416,0.011753770311599942,0.014786967913771907,49.83469185258779,-1.1399955937058337,0
2023-10-10,176.1612548828125,177.47464011941017,175.72674968355904,175.8748846750232,43698000,-0.0033521142664360015,173.46112496512276,172.69463602701822,176.41957336425781,0.008571497999714604,0.01168608294802952,0.014772263988947718,56.83309437278864,-0.8015349373847869,1
2023-10-11,177.5536346435547,177.60301297187604,175.3811238107674,175.9736185461729,47551100,0.0079040068241365,174.31461007254464,172.85921950567337,176.1125338745117,0.007728412378067642,0.011141494118921609,0.014830773627808097,63.92971834094921,-0.4161518788702381,1
2023-10-12,178.4522705078125,180.06189553412176,176.80312172309905,177.82026707710477,56743100,0.005061207933376721,175.48692539760046,173.16487702869233,175.88322875976561,0.005379733194663418,0.010771291616079983,0.014720878690776455,64.01511521141907,-0.037785061758540905,0
2023-10-13,176.6155242919922,179.65703072033497,175.91438812346496,179.15340788479125,51427100,-0.010292646939114691,176.2190944126674,173.31112234933036,175.64499908447266,0.008365502615856212,0.010955855398115315,0.014752313415187636,56.38545239014563,0.1125657100641888,0
2023-10-16,176.48712158203125,176.84262444155877,174.3047260977915,174.5417330268598,52517000,-0.0007270182532123082,176.75657871791296,173.48558117094495,175.58526306152345,0.00843533876183543,0.010902314102252942,0.013114066322052103,69.09578665809984,0.218836147477532,0
2023-10-17,174.93673706054688,176.19087429527403,172.61610626933813,174.44298390478113,57549400,-0.008784689259968226,176.7086138044085,173.44702075776598,175.55645080566407,0.007680645536739822,0.010466991980550318,0.012943562658892556,68.94015277547928,0.17592520473451145,0
2023-10-18,173.64312744140625,175.36139405816417,172.92225196490105,173.38638119353993,54764400,-0.007394728179324073,176.26423863002233,173.29513331821985,175.48302978515625,0.0069936251881601305,0.010474527530805588,0.012960243310617242,63.70407223446597,0.03710674487922461,0
2023-10-19,173.2678680419922,175.6181228712257,173.00123711265553,173.84060845589931,59302900,-0.0021610956042051876,175.85089765276228,173.29372224353608,175.433857421875,0.006984269581953522,0.009521518147890979,0.012903532978343913,61.39408988211082,-0.10201224834958111,0
2023-10-20,170.72010803222656,173.2283676109075,170.48310107616433,173.11974130623128,64244000,-0.014704168975797405,174.8746795654297,173.24434843517486,175.3380697631836,0.006677049695232647,0.0098721146347576,0.013065172372692094,47.672557475065474,-0.4130861925602858,1
2023-10-23,170.8385772705078,171.83595313524123,167.80692592091492,168.77469287243957,55980100,0.0006939383980408831,173.7870091029576,173.1601751418341,175.24346649169922,0.005641677977251758,0.009803802180977542,0.013065718551561547,51.71824514297396,-0.6426470222350247,1
2023-10-24,171.27310180664062,171.50022404547477,169.30795876796012,170.88797493724758,43816600,0.0025434801850683364,173.02380589076452,173.03603181384858,175.12457061767577,0.006151196655157998,0.009666643334262367,0.012996002109996296,49.338977967170365,-0.7805158343714709,0
2023-10-25,168.9623565673828,170.89786073622298,168.5179666183954,169.73261037900426,57157000,-0.01349158282814622,171.94883946010046,172.99559093656995,174.99915802001954,0.006756258622902338,0.008695150350455724,0.013038116925378429,39.2555382318619,-1.0639708961927,0
2023-10-26,164.80494689941406,169.23885617849143,163.6001878537521,168.24146504420852,70625300,-0.024605537898678365,170.5014408656529,172.8291269938151,174.80797668457032,0.00975248339064017,0.010050520282813015,0.013460008681996974,22.623976094301085,-1.6055712640536797,1
2023-10-27,166.11830139160156,166.8490614359056,164.745668316651,164.82467062426355,58499100,0.007969144839985232,169.4264657156808,172.71297636486236,174.69382080078125,0.011585091389478368,0.010226713412614264,0.013375022100978528,21.93838728612735,-1.9068359088522584,1
2023-10-30,168.1624298095703,169.0314401165317,166.7601727667049,166.90830774256386,51131000,0.012305257162183336,168.6971173967634,172.66971333821616,174.61086975097658,0.013558466402576562,0.01058700445496668,0.013491116559972602,30.39677559528306,-1.9580747634991837,1
2023-10-31,168.63648986816406,168.76485546731004,165.80233595599515,167.23423244098677,44846000,0.0028190604710611744,168.39945765904017,172.52958243233817,174.51073699951172,0.012893810523121734,0.010044371636248585,0.013448462597741441,27.116151213514286,-1.93808816615811,1
2023-11-01,171.79647827148438,172.05322449399938,167.99457285522465,168.86358325166134,56934900,0.01873846168045068,168.5363006591797,172.60341171991257,174.44635131835938,0.01506816338879251,0.010761462413143488,0.013671982838958627,34.69569915863782,-1.648263829330773,1
2023-11-02,175.35150146484375,175.5588693503195,173.26786256268767,173.32711052996643,77334800,0.020693225083121325,169.11892918178015,172.78727649507067,174.3762387084961,0.016854384190644986,0.011552929713390917,0.013631419414573914,47.30636238122521,-1.1188182528096604,0
2023-11-03,174.4429931640625,174.61088250590672,171.18423421755685,172.06311427874405,79829200,-0.0051810694131033674,169.9018772670201,172.86909848167784,174.38157135009766,0.015712909729943547,0.011543349332556851,0.01313266221223605,45.78412441056291,-0.7637339960214717,1
2023-11-06,176.9907684326172,177.1882666996337,174.0085099439187,174.1763842242903,63841300,0.014605202664451644,171.64270891462053,172.95092119489397,174.39381622314454,0.009154599904833728,0.011534448595972895,0.013173723402573828,54.068901061499766,-0.27358922644774,1
2023-11-07,179.54840087890625,180.1606499568927,176.73400192517136,176.9413698079054,70530000,0.01445065451118599,173.56129455566406,173.08399963378906,174.4260089111328,0.009209713417290075,0.011811474313536036,0.013272657634319968,61.14007534795464,0.31757281638604695,1
2023-11-08,180.6050262451172,181.15802736111343,179.32126504404005,180.07177947416378,49340300,0.005884905468601653,175.33880833217077,173.2956077938988,174.40171630859376,0.009399550931648324,0.011820570025607335,0.012931832966683439,63.494366496002044,0.8614041006243838,0
2023-11-09,180.1310272216797,181.81965455110011,179.5385174163197,180.6741586985679,53763500,-0.002624506268137816,176.9808850969587,173.41834077380952,174.2982257080078,0.010302226759908625,0.011747449018994481,0.012634535761178222,68.73771081496892,1.2398542832648047,1
2023-11-10,184.31365966796875,184.48177017271385,181.47578777634308,181.91086536697577,66133400,0.023219944452665953,178.76905386788505,173.69745454334077,174.27404235839845,0.0110811268521077,0.012709404058133617,0.013070850523553014,73.09242954754055,1.8558887322367354,0
2023-11-13,182.73158264160156,183.9478113332898,182.14818998578377,183.7401702602705,43627500,-0.008583612463759938,179.82335117885046,173.9886954171317,174.1868148803711,0.011930880972606705,0.012634581263616601,0.013066674699014494,68.8934444583661,2.1911815008978692,1
2023-11-14,185.342041015625,186.0045400899508,184.21480130754796,185.59912547957177,60108400,0.01428575365181084,181.38035801478796,174.41035824730284,174.14705657958984,0.011141865359987393,0.012912166307470363,0.013229018443387995,76.74350121801557,2.637146229817745,1
2023-11-15,185.90565490722656,187.3789832148446,185.67823345303117,185.7474572062222,53790500,0.003040939273750931,182.65391322544642,174.9326876685733,174.2526742553711,0.01098494303754148,0.012654686592840225,0.012191605950468044,89.03219432887555,3.0014564990443375,1
2023-11-16,187.5866546630859,188.82266388785249,186.5385061665612,187.4482222334322,54412900,0.009042219596268941,183.80223519461495,175.59666515531995,174.4975747680664,0.010563578486797273,0.01248837755405429,0.0114555926838636,89.17937047903564,3.386776986808428,0
2023-11-17,187.5668487548828,188.24912816814668,186.4593894684262,188.12057839811112,50922700,-0.00010558271449889745,184.7967812674386,176.2775689987909,174.72983428955078,0.010843978940029532,0.012447645226038456,0.011453582448890541,88.23802152679312,3.648490550222135,1
2023-11-20,189.30715942382812,189.7620174322178,187.75473976876387,187.76462241033667,46505100,0.009278348921986757,186.10765729631697,177.1626666841053,174.97359497070312,0.010282222034500474,0.011739601422573836,0.011484680401794166,88.79710260315512,3.9507867509866514,0
2023-11-21,188.50619506835935,189.3763501912699,187.61627466574615,189.26758080090607,38134500,-0.004231030447588879,186.7065909249442,178.0039818173363,175.26177124023437,0.008154573605704672,0.011878277560570239,0.011203780744063231,84.40985092148145,4.078710700425887,1
2023-11-22,189.16873168945312,190.77059476808083,188.69410838615653,189.34672485819107,39617700,0.00351466762592878,187.62618364606584,178.8561546688988,175.60447662353516,0.006300630915438153,0.01187108644935165,0.01103517737491864,82.30145254266309,4.185306907504838,0
2023-11-24,187.84371948242188,188.76330300712377,187.13177703645837,188.73363999587545,24048300,-0.007004393354005489,187.9835662841797,179.75526718866257,175.89046356201172,0.006194788727779936,0.011447865872765754,0.01106181719962793,80.7293474488025,4.115427669669572,0
2023-11-27,187.6657562255859,188.53591159550703,186.78571821300812,187.79430602014355,40552600,-0.0009474006228492593,188.2350093296596,180.84387715657553,176.18730895996094,0.006259046323784248,0.009347843542206366,0.011036779973730983,77.46382887848313,3.999583019314059,1
2023-11-28,188.2689208984375,188.94131776896225,187.28011350908017,187.65586514519703,38415400,0.0032140369398376833,188.33247593470983,181.89866856166296,176.43775726318358,0.005395477511084284,0.009361603309523334,0.010819534085621741,74.94404581085556,3.9113579478463123,0
2023-11-29,187.25045776367188,189.9400151741752,186.854940827776,188.7633319210795,43014200,-0.005409619016805478,188.2872772216797,182.80762227376303,176.64611114501952,0.005852866897826833,0.009562876418414827,0.010839922036399996,69.05008315260794,3.716416938676929,1
2023-11-30,187.82394409179688,188.18981305356235,186.08364867108205,187.71517468500207,48794400,0.0030626698325555424,188.0753893171038,183.7213105701265,176.93664001464845,0.004481326962233076,0.009560021403663192,0.010401412442432511,71.92777655512916,3.567081246116288,1
2023-12-01,189.09950256347656,189.4159130354433,187.11199034893104,188.1996843513192,45704800,0.006791245268794155,188.16014753069197,184.5452641078404,177.2834909057617,0.005097787796890366,0.009055478605846047,0.010312727465782325,66.35133007535332,3.511183801011981,0
2023-12-04,187.3097686767578,187.9228394923183,185.35193435249073,187.8536157357217,43389500,-0.009464508697572982,187.8945813860212,185.11470540364584,177.5775619506836,0.006069437396518692,0.00876550759845831,0.01042880530352247,65.42300218980347,3.2846052214226518,1
2023-12-05,191.2550811767578,192.22410797955845,188.0513405114985,188.08101860758427,66628400,0.021063036529656243,188.38191877092635,185.91528102329798,177.92506134033204,0.00984318771176499,0.009363848264659264,0.010755575789190445,68.27615545039426,3.3843807762011124,0
2023-12-06,190.1674346923828,192.58011192579391,189.95977851245675,192.27358406476233,41089700,-0.005686889350509872,188.73930140904017,186.54274132138207,178.332177734375,0.010282329580178096,0.009308448073654652,0.010179489886159443,62.75908759504214,3.3372202431434914,1
2023-12-07,192.0955810546875,192.817406093886,191.42318430562543,191.4627450433353,47477700,0.010139203725515245,189.28596714564733,187.14022609165735,178.80807556152342,0.010748102857231464,0.009099258089731221,0.010107208989834776,63.3021551060537,3.4160523530611897,1
2023-12-08,193.51947021484375,193.79633503305183,191.50229501018384,192.0263616366492,53406400,0.007412399350044785,190.1815403529576,187.7551996140253,179.30731567382813,0.01016727664121111,0.009127344395858803,0.01012753650186319,66.21774314912162,3.552472630267715,0
2023-12-11,191.0177764892578,191.32431940935732,189.2774811684409,190.9485678278168,60943700,-0.012927348978418407,190.63780212402344,188.27361624581474,179.74625213623048,0.012204259266376973,0.009721199384551637,0.010369185420295333,54.474875601436004,3.419305283812804,1
2023-12-12,192.5306701660156,192.54055280703432,189.57413099725628,190.9189094878757,52696900,0.007920172167027895,191.12796892438615,188.66490246000745,180.16528076171875,0.012278034822386088,0.00862973615882615,0.010246637001560392,60.14974401285628,3.3966921258038667,1
2023-12-13,195.74429321289065,195.7838388648497,192.66910200901864,192.9064060967763,70404200,0.016691486318018978,192.33290100097656,189.28455534435454,180.67524536132814,0.011957362571779649,0.0088234511434515,0.010336756084681662,64.69295015520242,3.596623915994229,1
2023-12-14,195.89260864257812,197.38570218691584,193.96443748585023,195.80361960949875,66831600,0.0007576998912870447,192.99540492466517,189.7869633265904,181.16329071044922,0.010121847095654066,0.0084694050899887,0.010320560024537774,68.98332752728598,3.72410989510999,0
2023-12-15,195.35867309570312,196.1793699091571,194.7950456705572,195.3191123528845,128538400,-0.002725654380606124,193.7370104108538,190.2371070498512,181.61596954345703,0.009729520300920095,0.00855000910979883,0.01032803442497618,67.84414076740396,3.738958924636762,0
2023-12-18,193.6974639892578,194.4291868327445,192.21425301938103,193.8952224343076,55751900,-0.008503380372733793,193.96585083007812,190.5280979701451,181.98446899414063,0.010271947910799328,0.008723912072928984,0.010289453290204755,62.00266527217827,3.5754654558072616,1
2023-12-19,194.73573303222656,194.74561567460933,193.6974822378966,193.964464462268,40714100,0.005360261417910683,194.1396026611328,190.86947341192337,182.34410858154297,0.010093908105849246,0.0087531046236911,0.010259469461684892,66.53567699010937,3.4894511180630445,0
2023-12-20,192.64935302734375,195.46744514462725,192.64935302734375,194.69617655774937,52242800,-0.010713904286572484,194.3726850237165,191.02862548828125,182.67387054443358,0.009610206161371438,0.008985926719864458,0.01038971426716869,59.99189875081518,3.2158602705170836,0
2023-12-21,192.5009765625,194.8741228719849,191.33419132020353,193.9050960501454,46482500,-0.0007701892713997127,194.36844308035714,191.2188531784784,182.9728173828125,0.009156313922601418,0.008919144705856752,0.010358832127773221,57.38826899889368,2.953024187403628,0
2023-12-22,191.43310546875,193.2228443252002,190.81015202156473,192.9954077755279,37149600,-0.005547354163178975,193.7525591169085,191.3266805013021,183.23243408203126,0.005555112505980964,0.009012003935390442,0.010396537388321577,59.24616076310501,2.628259485891334,0
2023-12-26,190.8892517089844,191.719846217368,190.6717128965979,191.44298138124012,28919300,-0.00284095981431165,193.0377938406808,191.4717058454241,183.5179086303711,0.005292067297445081,0.008881069836078927,0.010277379023567092,49.03199757747055,2.3004781863674566,1
2023-12-27,190.98814392089844,191.33423254727063,188.95120308408815,190.3355425015734,48087700,0.000518060660978481,192.41343252999442,191.62991478329613,183.80792907714843,0.00552612365862528,0.00887237672789024,0.010273115345324478,52.291543112674425,2.02534203770378,1
2023-12-28,191.4133148193359,192.48122849088116,191.00790021395272,191.967044481322,34049900,0.002226163832523387,192.08712550571985,191.77964782714844,184.1374606323242,0.00529777148995219,0.008861958602765849,0.01016268296009423,47.92047453345192,1.8206154739514204,0
2023-12-29,190.3750915527344,192.22415660179112,189.58404259835584,191.72975289130505,42672100,-0.005423986662481783,191.46417672293526,191.9284399123419,184.47209991455077,0.004400980136521499,0.008862464650111495,0.01012985594925874,40.18529208365006,1.5566481850837874,0
2024-01-02,183.56219482421875,186.33085840634024,181.83178197139316,185.05528848269017,82488700,-0.035786702309364204,190.166011265346,191.72549947102866,184.6779864501953,0.013106929579410936,0.011904734185663457,0.011436347505030899,31.66351557146396,0.7886176848633113,0
2024-01-03,182.1877593994141,183.79952025374087,181.3769301071995,182.15809638511385,58414500,-0.0074875734958433915,188.69269452776228,191.39636884416853,184.90733947753907,0.012834651403022,0.011843637804235287,0.011275695514094028,24.38789752937238,0.06825571849691414,0
2024-01-04,179.87393188476562,181.04071720671112,178.85546161628733,180.11123597031312,71983600,-0.012700235857096231,187.04138401576452,191.04228137788317,185.08804656982423,0.012913332941438583,0.011970017605122868,0.011449693425011133,8.867292363034295,-0.6814871135113663,0
2024-01-05,179.15211486816406,180.71443234786256,178.1534248404595,179.95306152436652,62379700,-0.0040129050887929285,185.3646501813616,190.46594964890252,185.2456268310547,0.012830757290303075,0.010758565795962885,0.011470299239304413,7.864685229010348,-1.3187070759417736,1
2024-01-08,183.4830780029297,183.52263874374273,179.46852282651062,180.0519155054874,59144500,0.02417478095613168,184.29249790736608,190.14764694940476,185.53604125976562,0.017867775552830298,0.012261432010758256,0.01173532884954823,24.905963339728075,-1.4574355477114693,0
2024-01-09,183.0677795410156,183.07766218215255,180.68475037086023,181.8614334502317,42841800,-0.0022634156045030496,183.10027858189173,189.7177516392299,185.90129791259767,0.01762002663295074,0.01196119682014987,0.01112188833430541,26.29025242448793,-1.5826462157439778,1
2024-01-10,184.1060333251953,184.31367440860305,181.8614365329183,182.2866315170422,46792900,0.005671417366741371,182.20469883510046,189.26949273972284,186.26105255126953,0.018192721352596086,0.01189694889275713,0.011102145099992454,26.29020225012792,-1.5798862239745688,0
2024-01-11,183.51272583007812,184.9563909902637,181.5647744262664,184.45208965863696,49128400,-0.003222640151445799,182.1976318359375,188.912109375,186.56805847167968,0.012010779830743598,0.01164957292878675,0.011028319610389102,28.1662633767544,-1.6070488086776606,1
2024-01-12,183.8390350341797,184.64986419021457,183.1172099941003,183.9774674403319,40477800,0.0017781284792408591,182.43352835518974,188.4982219877697,186.872109375,0.011546746787917898,0.011467915539386937,0.011027354929870555,29.47516167311329,-1.5839857256115693,0
2024-01-16,181.5746612548828,182.1975994977323,178.90486988724322,180.1211135415678,65603000,-0.012317154400184216,182.6764896937779,187.82347760881697,187.06767303466796,0.011469727602363474,0.010815426199481651,0.01092725154916358,27.893508301187182,-1.7284990449126667,0
2024-01-17,180.6352996826172,180.88250149305736,178.2819487070673,179.24109293861534,47317400,-0.005173417732262764,182.88837323869978,187.09693908691406,187.17334899902343,0.011568985197867069,0.010775620393324014,0.010591049013583312,27.407365569382193,-1.8969585624385559,1
2024-01-18,186.51870727539065,187.0229935165519,183.75004409317063,184.00712853391943,78005800,0.03257064152527667,183.32203456333704,186.67598833356584,187.41486328125,0.014426023063208976,0.013387478919264366,0.011475658684977966,42.15272802871552,-1.537993093698418,1
2024-01-19,189.41590881347656,189.8015430260911,186.7065866846462,187.21087293560348,68903000,0.015533034623750996,184.2289101736886,186.47210475376673,187.66336608886718,0.015016140033939274,0.013834259458208147,0.011498169359781244,46.773139123155296,-1.0081095628017351,1
2024-01-22,191.71983337402344,193.1437182004387,190.1080727596782,190.14763349819023,60133900,0.012163310753457557,185.31659589494978,186.32849048432848,187.90679473876952,0.015264583597908494,0.014067657948629401,0.011449725804482173,52.08711167275379,-0.39768136638264195,1
2024-01-23,192.99539184570312,193.5590192205399,191.660511110776,192.83719415255703,42355600,0.006653242125405079,186.67126246861048,186.34496852329798,188.15460205078125,0.014727336099661419,0.013956415932084361,0.011456413268222014,67.67970431921808,0.18686027660260152,0
2024-01-24,192.3230133056641,194.18197579456825,192.1648005219272,193.23271418014863,53631300,-0.003483909815715114,187.88325936453683,186.33649408249627,188.39844177246093,0.015184282926883565,0.013978182734796715,0.011463205145579098,69.50889411300295,0.5890680019400065,0
2024-01-25,191.99671936035156,194.07322080915367,190.94858599423335,193.03497008475264,54822100,-0.001696593349408193,189.37212480817522,186.3633328392392,188.55210296630858,0.01341023971828578,0.013926259062218664,0.011027483336374109,75.26796840164181,0.8714458423710028,0
2024-01-26,190.26629638671875,192.5801018175765,189.7916731135176,192.09559590318423,44594000,-0.009012773652580242,190.74798148018974,186.3336683000837,188.70279724121093,0.01410329818060154,0.014058853081135185,0.01103516133582805,72.23098179900337,0.9447115958961376,0
2024-01-29,189.58401489257812,190.04875551955823,187.4580852833725,189.86087972294905,47145600,-0.003585929337447502,191.18588256835938,186.26680501302084,188.78763671875,0.00915939040947137,0.014078903142761752,0.010880032601131944,64.28899703878311,0.9369205816508099,0
2024-01-30,185.93533325195312,189.65325866018404,185.37172089064353,188.80288370915284,55859400,-0.019245724080125703,190.68865748814173,186.00594874790735,188.78823028564454,0.010200907778859474,0.014657357231387346,0.011225297328849478,55.83268673300274,0.6290764301363936,0
2024-01-31,182.3360595703125,185.00585134318092,182.2866312758536,184.94651023142663,55467800,-0.019357663864583485,189.3481183733259,185.62313770112536,188.68321838378907,0.009532407793510719,0.015161071860088865,0.011477458312179733,46.739512342108206,0.09359748292001768,1
2024-02-01,184.76852416992188,184.857513201702,181.7625567551165,181.93065217781273,64885400,0.013340557020600663,188.1728515625,185.68058195568267,188.62725189208984,0.011310268025650562,0.01336117632521033,0.011643289362935384,52.166519248589005,-0.13296118268434043,0
2024-02-02,183.7698516845703,185.23328233515724,177.2437171517322,177.84689023760967,102551700,-0.005404992489051574,186.95097133091517,185.75591968354723,188.5165057373047,0.011258012881383835,0.013307353395679419,0.011583486167360702,49.88335021076204,-0.3886153647364665,1
2024-02-05,185.579345703125,187.1317803970082,183.75994390321247,186.0440863383638,69668800,0.00984652271287989,186.0342036655971,186.02760605585007,188.45796875,0.01280486740098979,0.013097356560798757,0.011662455625051743,56.857473271763936,-0.4401384589981774,1
2024-02-06,187.1812286376953,187.19111127921153,184.67954732588265,184.76853636353553,43490800,0.00863179535686509,185.5934797014509,186.40994480678015,188.41821868896486,0.01354664898562794,0.013118536528674443,0.011718450986520608,60.96032154814024,-0.3477041995053298,1
2024-02-07,187.29000854492188,188.91165203661865,186.49895962721544,188.50623739169367,53439000,0.0005811475222075035,185.26576450892858,186.59122721354166,188.40714447021483,0.013569884037949788,0.012111548482737641,0.011676849425643251,51.60105309435147,-0.2626441551722962,0
2024-02-08,186.21221923828125,187.41855040104747,185.25307484073457,187.27023532431497,40962000,-0.00575465458629687,185.3053196498326,186.740962437221,188.37807373046874,0.011447800853564633,0.01218302415004773,0.011704632560329538,42.80648426113288,-0.27898606905736756,1
2024-02-09,186.9745330810547,188.10321111496148,186.13296840440984,186.7765071990768,45155200,0.004093790653973972,185.96795872279577,186.87755766369048,188.35218597412108,0.007496339570387263,0.012156847781514794,0.011710358106363375,38.55245973328779,-0.22779887374258578,0
2024-02-12,185.2914276123047,186.79633688725167,184.93500212895557,186.54881961012745,41781900,-0.009001789928366088,186.04265921456474,186.96225774855841,188.31300537109374,0.007423411820490634,0.012316974571762488,0.011754715492791173,31.773387811212345,-0.3193637709461825,0
2024-02-13,183.2023773193359,184.3607714461939,181.68757282391297,183.9251386304961,56529500,-0.011274403354157414,185.96159144810267,186.93194071451822,188.22057403564452,0.008452181808359768,0.012577489505391273,0.011849416490012487,29.777314648784994,-0.5541110639670421,0
2024-02-14,182.32122802734375,183.68752828939827,180.62821823999963,183.4796222278503,54630500,-0.004809704463912268,185.49614606584822,186.96749151320685,188.08500854492186,0.007212017602615325,0.012316567713162883,0.011818683984054069,29.062238109987035,-0.8020063388977121,0
2024-02-15,182.0340881347656,182.65783644316613,179.5490203671251,181.72716915991907,65434500,-0.0015749120148262907,184.7608402797154,187.03410048711868,187.97949493408203,0.005385738483773319,0.012261999814016867,0.011751229180735626,30.998572883662504,-1.0099923566826874,0
2024-02-16,180.49948120117188,183.0142649801448,179.86583763061847,181.59845842120637,49752500,-0.00843032724979298,183.79076494489397,186.74747067406065,187.7643829345703,0.005192062470389949,0.009932956994335631,0.011380967020293682,29.825063164857568,-1.2838532672375322,0
2024-02-20,179.75694274902344,180.6182980286837,178.2124373755958,179.98465441119404,53665600,-0.0041137982625050196,182.86858258928572,186.28751990908668,187.55617309570312,0.005202526028523961,0.009140724594273678,0.011370178933905888,34.24544005005265,-1.5430196888722776,1
2024-02-21,180.5093994140625,181.0737309260645,178.86588113831095,180.13316833455778,41371400,0.0041859671928756725,181.9449920654297,185.75368972051712,187.3244494628906,0.005229473214533716,0.008655991482682496,0.011281312714218209,44.55100602834103,-1.6684610010459835,1
2024-02-22,182.53903198242188,183.1231842228548,180.64801151557128,181.65787110291916,52292200,0.011243916244514818,181.55179268973214,185.25576782226562,187.10484069824219,0.007675600265805379,0.00896006847799259,0.011353657826584361,43.185570452896144,-1.585819419648601,0
2024-02-23,180.7073974609375,183.2023604547528,180.4202689919066,183.1726595934398,45119700,-0.010034207487529367,181.19536699567522,184.70264325823103,186.8986331176758,0.007439503135280688,0.009104834182997628,0.011299416555383898,41.09315352273565,-1.649113020898426,0
2024-02-26,179.3609161376953,180.9450175834942,178.85597124394113,180.43019254491847,40867400,-0.007451168807481978,180.772465297154,184.10093834286644,186.6352380371094,0.007673044578065888,0.009152563828207921,0.011259512629594754,31.413734820851147,-1.7873203294764721,1
2024-02-27,180.81629943847656,182.0934817527884,177.77678047240937,179.3014951345761,54318900,0.008114272228984198,180.59849548339844,183.65093848818825,186.33667816162108,0.008640793242816136,0.009368905158601845,0.011042211960247605,30.807787088142135,-1.759135133234821,0
2024-02-28,179.61831665039062,181.30143093346825,178.34113428414614,180.69748823755316,48953900,-0.006625413703334582,180.47261483328683,183.17638142903647,186.01119232177734,0.008403219366129715,0.009411829935280374,0.011060406523311054,28.293313899269847,-1.8125711690382786,0
2024-02-29,178.9550018310547,180.75693496542868,177.74711623943745,179.46984202762675,136682600,-0.0036929130152523193,180.35805184500558,182.84398469470796,185.6831188964844,0.008375921581798094,0.00860795296207918,0.01106313042260178,28.972864190085957,-1.886694930038857,0
2024-03-01,177.8758087158203,178.73716395290236,175.61845249589473,177.76690051629518,73563100,-0.006030527809740671,179.98182460239954,182.631591796875,185.3666857910156,0.008290926150552663,0.007689958117701436,0.011037559478045965,24.112622296623798,-2.0093577841174124,0
2024-03-04,173.36109924316406,175.14321147352493,172.06409607852763,174.4006596751229,81510100,-0.02538124495540084,178.67069135393416,182.08838108607702,184.9391931152344,0.009891980360387348,0.008626839413015716,0.011486558333582787,20.766555994257004,-2.442710259814021,0
2024-03-05,168.43052673339844,170.3314573247722,167.9354922531265,169.06417026385637,95132400,-0.028441054719258507,176.91685267857142,181.3579370407831,184.45481658935546,0.012768241260467966,0.010258894613121542,0.01201434320441517,18.228200553724264,-3.1477162998446317,0
2024-03-06,167.44046020507812,169.53941670485264,167.00482743895031,169.36119643359416,68587700,-0.005878189349175722,175.21393040248327,180.49418058849517,183.95360626220702,0.012832810373022445,0.009752055520279924,0.01202007401070152,18.143195003397267,-3.7431797146651604,0
2024-03-07,167.32167053222656,169.0344857697736,166.81674075207243,167.47017484778516,71765100,-0.0007094442568186254,173.28612627301897,179.5484873453776,183.47137756347655,0.011108232273485298,0.009309848914097384,0.01201627732487141,18.2749223976989,-4.176529660695991,1
2024-03-08,169.03445434570312,171.9749601051527,167.26223771139365,167.3216394265741,76267000,0.010236473303358862,171.7741459437779,178.6791752406529,183.03428161621093,0.013726058247854556,0.009837506212259338,0.012152869105544976,25.465948837707444,-4.331820742571637,1
2024-03-11,171.034423828125,172.64824117092596,170.34137853305091,171.22253935977105,60139500,0.011831726792998154,170.64263480050224,177.95642307826452,182.63520721435546,0.01574816890152818,0.010481871162320335,0.012311764609080598,32.28784197222393,-4.244580340969691,1
2024-03-12,171.50967407226562,172.30173241116674,169.31171935776177,171.43046672764987,59825400,0.002778681820323037,169.73318699428015,177.22000122070312,182.23713439941406,0.01612440192313722,0.010434997312908286,0.012316001525239683,31.51685590439253,-4.089946612649584,0
2024-03-13,169.43052673339844,171.4700666239107,169.06419090034882,171.05423942259554,52488700,-0.012122624278273264,169.1716766357422,176.4647202264695,181.81824310302736,0.013978165057133573,0.010530821978114764,0.012388904615635394,23.133110536919347,-4.088043660369408,1
2024-03-14,171.2819366455078,172.57892461566286,170.34137411890524,171.1928340614332,72913500,0.010927251114686065,169.57902090890067,175.89708019438245,181.57263793945313,0.009240480929806776,0.010893195311018468,0.011540811585374827,30.697440416483076,-3.8922745320001866,0
2024-03-15,170.90573120117188,170.90573120117188,168.5988682774061,169.47013396047814,121752700,-0.0021964105013276836,170.07405962262834,175.35348510742188,181.3469973754883,0.008781642008040375,0.010888114147336888,0.011507301713540738,31.9678719564302,-3.724548446563915,1
2024-03-18,171.99481201171875,175.94519331439105,171.79680120539754,173.82644596151624,75604200,0.006372406606218073,170.7416512625558,174.87542433965774,181.18941497802734,0.00869546384709397,0.011077227942931148,0.011434626223107957,30.88806330832128,-3.4638158825281664,1
2024-03-19,174.33135986328125,174.85609525037736,171.31164624406932,172.6086342803731,55215200,0.01358499029263327,171.49835205078125,174.58170427594865,181.09299987792969,0.009176130475316421,0.011534065355502337,0.01160427470171525,39.08422217293558,-3.033673265765543,1
2024-03-20,176.89564514160156,176.89564514160156,173.35119593354975,173.97494430389506,53423100,0.01470925988491878,172.3356693812779,174.44545200892858,180.96125122070313,0.009615668348897889,0.012048107899073264,0.011266144052358007,46.05759287713169,-2.457536797202124,0
2024-03-21,169.6681365966797,175.72736975318543,169.14340118299,175.29173693263047,106181300,-0.040857470171955845,172.07259259905135,173.92920139857702,180.69325836181642,0.019870093751127523,0.014825308205111519,0.012618558442761546,37.28136589038336,-2.5546950969573174,1
2024-03-22,170.569091796875,171.3314491823172,168.37113733503185,170.05425166968308,71160100,0.00531010252288544,172.23524475097656,173.3592042468843,180.42251953125,0.019384174997245658,0.014598281431909284,0.012614505246087294,45.127824153586026,-2.529831867439867,0
2024-03-25,169.15330505371094,170.2324767040703,167.76719930445816,168.87608692531137,54288300,-0.008300371000685591,171.93115452357702,172.8090093703497,180.13533111572266,0.019123632033786416,0.014562089658996536,0.012649475759550171,51.43763316195528,-2.594462389438519,0
2024-03-26,168.0246124267578,169.71762191427138,167.89589862566189,168.3117257823714,57388400,-0.006672601676891432,171.51956612723214,172.2691853841146,179.8190426635742,0.019220501517106033,0.014551282185840847,0.012660559466924548,51.15552832301549,-2.705570473616774,1
2024-03-27,171.58888244628906,171.87601096065072,168.42066417893392,168.7176879462108,60273300,0.021212785246476518,171.4615761893136,171.8297845749628,179.61932708740235,0.021062208222458488,0.015312432701788179,0.0129718865120982,57.42850039153852,-2.4774590226415114,0
2024-03-28,169.77703857421875,170.51959037094832,168.81667037520145,170.0443614510728,65672700,-0.010559214829302555,170.8109588623047,171.36115228562127,179.40216186523438,0.02040578799237712,0.015390848408881887,0.013029078773119263,51.28827145133709,-2.4150406275110186,0
2024-04-01,168.34144592285156,169.54933141950085,167.79690490268092,169.48992969134684,46240500,-0.008455752694376373,169.58893040248327,170.85574486142113,179.03861663818358,0.018754323832547177,0.01544329430547399,0.012122049714970825,45.234776757821884,-2.4531357074750133,0
2024-04-02,167.1632537841797,167.65828830624176,166.55931106297376,167.40087579338118,49329500,-0.0069988239213046866,169.23109000069755,170.34562319800966,178.59356353759765,0.011501400499729099,0.015454886907855533,0.011874140180859508,42.495696538947705,-2.549013154890986,1
2024-04-03,167.9652099609375,168.98497988400436,166.90584392266877,167.11374996517486,47691700,0.004797442970290611,168.8591068812779,170.0886760893322,178.11847106933592,0.01144811062420308,0.014635293995567292,0.011734302879133443,47.35333529196793,-2.5311085180551345,0
2024-04-04,167.14346313476562,170.2126681045212,167.14346313476562,168.59885072968464,53704400,-0.0048923632838192566,168.57198660714286,170.02738734654017,177.6014324951172,0.011212479388769125,0.013301272530267114,0.011662398218249478,42.23628549460729,-2.553788580535837,1
2024-04-05,167.89588928222656,168.6978426903414,167.27214102824712,167.90578453281648,42104800,0.0045016785780862545,168.55359758649553,170.04907444545202,177.11289001464843,0.011174048421217806,0.01327567947457886,0.011707502951519089,44.43217518693211,-2.482432257832528,0
2024-04-08,166.77716064453125,167.51971257536823,166.5692545639612,167.35140261724945,37425500,-0.00666322828079946,167.86620875767298,170.0231454031808,176.60849884033203,0.006183609790709819,0.01335969865348559,0.011720352552792397,40.35858406999799,-2.4874797908260575,1
2024-04-09,167.98504638671875,168.39097840146178,166.6781628437572,167.0246780139158,42373800,0.00724251292874567,167.61020987374442,169.97317359561012,176.16287384033203,0.006694474581984804,0.013259821911455368,0.011768284579490246,37.762543104970156,-2.3667315048678574,0
2024-04-10,166.11376953125,167.41075745661644,165.4504251384005,167.12364410431726,49709300,-0.011139544237532162,167.2919703892299,169.73885672433036,175.69346893310546,0.007216063365623144,0.013163764949115149,0.011831876226817075,28.638636744274066,-2.394432494312724,1
2024-04-11,173.30166625976562,173.71750852250418,166.49000200344838,166.6682071669761,91070300,0.04327092659927523,168.16888645717077,169.82418968563988,175.44079559326173,0.018091048318229764,0.01636767626606053,0.013251787531932522,57.210170971588305,-1.8154550975083055,1
2024-04-12,174.7967071533203,176.58872985356905,172.47994902506244,172.52944039553972,101670900,0.008626811996797157,169.14481462751115,170.07972208658853,175.29000854492188,0.01813108453360018,0.016185098921272605,0.013064060979189284,58.19580526321083,-1.2218888595288604,0
2024-04-15,170.97503662109375,174.8759113224836,170.7869210734751,173.61851932570818,73531800,-0.02186351559171218,169.69218226841517,170.06510779971168,175.0141387939453,0.02075209497774633,0.016810969799469194,0.013236100991848713,53.23033897874003,-1.0477820333746877,0
2024-04-16,167.6978759765625,172.03436750787574,166.59889888763496,170.04433444727837,73711200,-0.019167480290084304,169.6638946533203,169.91235278901598,174.69269927978516,0.02240955607290893,0.017324392135929213,0.01346090419647501,49.46164270252196,-1.1608589357136339,0
2024-04-17,166.3315887451172,168.9552655008738,166.3315887451172,167.9256004082147,50901200,-0.008147313873171913,169.6002415248326,169.6426754906064,174.307744140625,0.022490459623963222,0.017315280733090004,0.01338514025815055,40.66123919058399,-1.3452143627245619,0
2024-04-18,165.38111877441406,166.96523521407434,164.8959946340493,166.36129252101995,43122900,-0.005714308255418632,169.22825186593192,169.21647353399368,173.87174194335938,0.022311364072664493,0.016986399663770038,0.01330392018027943,41.9448316973645,-1.5501432634561922,0
2024-04-19,163.36138916015625,164.74747975255278,162.45052746983075,164.559379327856,68149400,-0.01221257679973009,168.8350546700614,168.57198515392486,173.39316955566406,0.022388023433161288,0.016645482160061193,0.013368549503820814,41.06571023898465,-1.8541526761244995,1
2024-04-22,164.1930389404297,165.59893510418706,163.13367296874276,163.8762247169617,48116400,0.005090858889906347,167.53382219587053,168.31126621791296,172.95278594970702,0.011450968162860271,0.014375420000772429,0.013404960317688508,44.604303783994744,-2.0048643112573643,1
2024-04-23,165.24252319335938,165.39104261951863,163.28219064755024,163.70792820716713,49537800,0.006391770684690545,166.16893877301897,168.057620093936,172.5181457519531,0.010942081390432559,0.014402815566278553,0.013431681349138504,45.09804783437636,-2.0163762295892127,1
2024-04-24,167.34149169921875,167.6187098522012,164.5593998092657,164.8861093338651,48251800,0.012702350855555933,165.64986092703683,167.9713432675316,172.1591470336914,0.011404326788156257,0.014628025053729492,0.013563370587271435,50.34085644317957,-1.834977809244009,1
2024-04-25,168.2028350830078,168.9156860278579,166.4801094484109,167.84640961058278,50558300,0.005147219467466213,165.7219979422433,167.9798300606864,171.85915618896485,0.009140367145377082,0.014602459790246393,0.013531650988706626,50.52635655344785,-1.6032339585944442,0
2024-04-26,167.61868286132812,169.63841695172266,167.49986430971396,168.19292468782604,44838400,-0.0034729035416758425,165.90586853027344,167.790772937593,171.56510528564453,0.008558500169143654,0.013793386953050733,0.013526534015071938,51.47000967034467,-1.4499968288053537,1
2024-04-29,171.7769775390625,174.28185098854456,171.38095596804143,171.64826373021612,68169400,0.024808062005680753,166.81956263950892,167.8860081263951,171.35996307373046,0.011690525398240467,0.014700340372743525,0.014032285401425695,56.00494104956708,-0.9816992533529572,0
2024-04-30,168.63845825195312,173.25218351807536,168.31173366197407,171.6086653165762,65934800,-0.018270895972632095,167.57342965262276,167.90015157063803,171.1227426147461,0.013329221241653443,0.01515369079815323,0.014205667934808937,53.84384498797999,-0.8539781985844002,0
2024-05-01,167.61868286132812,170.9948217396029,167.43056733625505,167.8959009696714,50383100,-0.006047110494223129,168.06280735560827,167.92183866954986,170.87997741699218,0.013916608775733131,0.015132517787171973,0.014216222617660389,39.346755056601445,-0.8255295036608175,1
2024-05-02,171.31167602539062,171.6978024171198,169.19292849767666,170.79683580066592,94214900,0.022032109434469982,168.92982918875558,168.08119419642858,170.69602294921876,0.01568783083719753,0.01584286571434185,0.014576194391129437,43.96437316634753,-0.4992351512038624,1
2024-05-03,181.5588531494141,185.14289799826793,180.84600228009177,184.796367814728,163224100,0.05981598780520181,170.96088082449776,168.76764133998327,170.6764193725586,0.02607506799236142,0.020294829291301282,0.01684660108050561,64.99293822863022,0.5795364926796935,0
2024-05-06,179.90545654296875,182.3707188474722,178.62825898838415,180.53910014061185,78569700,-0.009106670249148796,172.63268389020647,169.3395254952567,170.6603805541992,0.027230534223785748,0.02049892169605486,0.016835799705635906,68.127068658621,1.2862286611035927,1
2024-05-07,180.58859252929688,183.06376520709568,179.51933122687228,181.6281680754234,77305800,0.003797194367837209,174.48552812848772,169.9972127278646,170.68493408203125,0.026767263860822694,0.020366490495642493,0.016808668987605187,71.60866486306718,1.8797421633524323,1
2024-05-08,180.9252166748047,181.25194126160503,179.64801918938014,181.0341248704048,45057100,0.00186403881215913,175.79241943359375,170.61341131301154,170.6871124267578,0.02619384679324721,0.02035735581174805,0.016772371035246595,74.00614777277556,2.3501772646038432,1
2024-05-09,182.7370758056641,182.8261784061232,180.30149897565,180.74702708520252,48983000,0.010014409069997399,177.80650765555245,171.40499732607887,170.74948760986328,0.023564763101276153,0.020106428084224113,0.016800277299312865,80.11698569484386,2.836504898363927,0
2024-05-10,181.4779510498047,183.50042466657956,180.56585391849484,183.3120539854214,50759500,-0.006890362835828889,179.7864031110491,171.79434422084265,170.7999465942383,0.023672915833359377,0.01818828708115583,0.016822561619891426,76.51479119307001,3.0847629796359968,1
2024-05-13,184.6802215576172,185.49318663872077,183.0344740478803,183.84743912898392,72044800,0.01764550728773484,181.6961953299386,172.2649877639044,170.93603485107423,0.02340876432921519,0.018448463052043482,0.016969929243163418,77.96981496306235,3.499564958695913,1
2024-05-14,185.82034301757812,186.6828817403559,184.6901339480471,185.89965779253163,52393600,0.006173489777871133,182.3049795968192,172.97190711611793,171.1852197265625,0.009302234281672813,0.01756929067343981,0.016554612698120502,77.34464965845991,3.8756210421306605,1
2024-05-15,188.09068298339844,189.0126888680271,185.76085876781028,186.2962297111884,70400000,0.012217930119769127,183.47429765973772,173.9429931640625,171.5784228515625,0.00793103839102864,0.016807976554734018,0.01604346813970181,78.25156217350846,4.307194996030944,1
2024-05-16,188.2096405029297,189.458829238671,188.03119361367857,188.83423487080032,52845200,0.000632447698335703,184.56301879882812,174.98480515252976,171.99380645751953,0.008190314997890002,0.01655593415061247,0.016001811893358815,79.6421283391213,4.605727383168642,1
2024-05-17,188.23936462402344,189.17129419091543,187.5552880216136,187.88245575005936,41282900,0.00015793091689841887,185.60789707728796,176.07329305013022,172.41216033935547,0.008355919571093863,0.016396487243745327,0.015998769564700414,76.89579266726986,4.7895045122877775,1
2024-05-20,189.3993225097656,190.27176982167657,187.38675756521695,187.7040166341828,44361300,0.0061621430143423694,186.5596466064453,177.31319463820685,172.81945770263673,0.0081492773596295,0.015839488432562682,0.01596881995205219,86.26293844662932,4.971440447499731,1
2024-05-21,190.69810485839844,191.07483113273048,189.2803778274553,189.44891605266244,42309400,0.006857375894604223,187.87681143624442,178.5753406343006,173.2127313232422,0.0061808342523129636,0.01583250527710355,0.015924302307669475,89.92362809569622,5.160934824009701,0
2024-05-22,189.2605438232422,191.1640681663492,188.63596455316463,190.6187885434668,34648500,-0.00753841280291534,188.53114318847656,179.71905590239027,173.56774871826173,0.006360606359039146,0.016159504032056085,0.01598472614347324,83.6763965734328,5.13590777346792,0
2024-05-23,185.2750701904297,189.35968258649532,185.02721720275105,189.3398501117122,51005900,-0.021058132626601167,188.4532470703125,180.57303583054315,173.88463958740235,0.011060653693814777,0.017170290764377698,0.016195490385623026,59.114036033123064,4.739841301355057,1
2024-05-24,188.3484344482422,188.94328765804343,186.42509288132968,187.19840810516956,36327000,0.016588115468819664,188.49006870814733,181.5323500860305,174.22596954345704,0.011974939964155966,0.01735579339954718,0.01627933430585579,69.35814879058577,4.620686185065296,1
2024-05-28,188.3583526611328,191.34249703943843,187.47599667367737,189.8652878598297,52280100,5.2658854954978906e-05,188.51131330217635,182.51995340983072,174.57502197265626,0.011973918210039569,0.017281122215655143,0.01627052267463376,68.3820646723603,4.475464841022529,1
2024-05-29,188.65579223632812,190.59896650948673,187.88249204796583,187.9816393040112,53068000,0.001579115398882447,188.57080296107702,183.3237064906529,174.90824157714843,0.011985632810537767,0.016732263189618277,0.01625880261624317,68.3233331524982,4.3344123599103455,1
2024-05-30,189.64718627929688,190.52954231443272,188.9928658858645,189.12173915319045,49889100,0.00525504163543955,188.60621207101005,184.3241221110026,175.21455810546874,0.01191737686034731,0.01589054972765148,0.01617994025352916,67.04144260765172,4.253591708792499,1
2024-05-31,190.59893798828125,190.9161970579539,188.2790377703441,189.79589676882185,75158300,0.005018538517005622,188.592045375279,185.41841997419084,175.48862396240236,0.011766720331459682,0.015662532220929143,0.016080034635218128,72.84008922778533,4.21771991950186,1
2024-06-03,192.36366271972656,193.31542486412093,190.86663609575575,191.24336235629545,50080500,0.009258838218467957,189.03534807477678,186.420895531064,175.94253448486327,0.011689172607178425,0.015261932986624394,0.014896730879132866,70.73298472433812,4.282325819067495,1
2024-06-04,192.680908203125,193.64257895328527,191.37223723797064,192.96841099700256,47471400,0.0016491965213860649,190.09332493373327,186.95051720028832,176.38477081298828,0.005731876171740843,0.008884324642557038,0.014892240546694855,69.37286607803023,4.30944887502028,1
2024-06-05,194.18783569335935,195.20898869639487,193.19642383583025,193.7218709101011,54156800,0.007820844858410947,190.92752511160714,187.63063049316406,176.88546142578124,0.003436178442575533,0.008502801187997462,0.014826950805155021,67.99289619602459,4.4017993440046155,0
2024-06-06,192.80978393554688,194.81244022862765,192.5024486640224,194.0093990023229,41181800,-0.007096488577114313,191.56344386509485,188.21259198869978,177.38116485595702,0.005423309870730883,0.008821557541066317,0.014832638674507872,62.63614850109862,4.314060689804961,1
2024-06-07,195.1990966796875,195.24867030234284,192.4727138388465,192.97832848334124,53103900,0.012392072100134266,192.49820164271765,188.89230056036087,177.853369140625,0.006301924527325194,0.009040649538764245,0.014661390878681761,66.92385040944833,4.386756941006695,0
2024-06-10,191.4614715576172,195.6055813883455,190.49980075281104,195.20900753042525,97010200,-0.019147758292158423,192.75738525390625,189.30774797712053,178.28705780029296,0.011040603462329447,0.010183503906651173,0.014868576847123179,54.45589277765878,4.095563031885575,1
2024-06-11,205.37098693847656,205.38091074009856,191.9671077738811,191.9869251216324,172373300,0.07264916156603096,194.86767796107702,190.44551159086683,179.02764862060548,0.029267342174579408,0.018223158828074782,0.017785433891963073,70.52133822065689,4.930337543361958,1
2024-06-12,211.2401428222656,218.30889945026047,205.1231180281253,205.58908283581823,198134300,0.02857831075013184,197.56431797572546,191.71026974632628,179.90918640136718,0.0299700024485519,0.01872006805287554,0.01804071865773935,77.35012404300059,5.996371746292567,1
2024-06-13,212.40011596679688,214.8885546834631,209.7827888470424,212.8958219752939,97862700,0.005491253362327253,200.38134765625,192.97597322009858,180.79788452148438,0.02974396700325061,0.01872140268425271,0.01804094638236869,86.30575498868761,6.855782478109177,0
2024-06-14,210.6651153564453,213.32209192759063,209.48533280144244,212.01343611534224,70122700,-0.008168548319544167,202.73524475097656,194.05094619024368,181.66831756591796,0.030922586545943036,0.01894001033322336,0.018082993947144882,80.9798693315507,7.312576792203998,1
2024-06-17,214.80921936035156,217.06963733267017,210.8931452933454,211.5375569916551,93728300,0.019671524622832948,205.87802124023438,195.31759280250185,182.60658416748046,0.029787344367528445,0.0191460117349069,0.018204811372131913,82.93823553554441,7.917713662051966,0
2024-06-18,212.4496612548828,216.75240063817128,211.1707464886947,215.72132373307377,79943300,-0.010984435921767788,208.34238760811942,196.47046407063803,183.5200341796875,0.0315098545114893,0.019481555010740788,0.018271923496044024,78.18221118725467,8.113366532726786,0
2024-06-20,207.87924194335935,212.4000929584359,207.05638337080816,212.0927425591543,86172500,-0.02151295174832113,210.68778337751115,197.35046023414247,184.3179180908203,0.03191688445076532,0.020382012204763694,0.01864895371427162,69.9068745805724,7.809603947490331,0
2024-06-21,205.7080841064453,210.07029091430852,205.33134270047415,208.58317289420788,241805100,-0.01044432246633653,210.7359401157924,198.06522115071616,185.10980438232423,0.018221451717303456,0.020635835602937268,0.018637358223462793,66.0691931169749,7.30941720628357,1
2024-06-24,206.3524932861328,210.87332959032133,204.8158016590104,205.93610206103617,80727000,0.0031326390622259392,210.03770446777344,198.8791235060919,185.77082092285156,0.013612803905754676,0.020473104049518943,0.017775680055203347,65.24088245542639,6.885640666039279,1
2024-06-25,207.2744903564453,209.56464939365068,206.8184342324815,207.35378999494392,55549700,0.0044680684765656675,209.30547223772322,199.92671494256882,186.42037658691407,0.01350827609217088,0.019631470636601207,0.01776163512148926,65.69296619466594,6.54870279349629,1
2024-06-26,211.41860961914065,213.0147835489249,208.83102368645305,209.68363861405976,66213200,0.01999338778046833,209.4131142752511,201.0252947126116,187.229248046875,0.015844869892251402,0.019741085418319062,0.017523461868875618,67.53432842495454,6.540676050567981,1
2024-06-27,212.2613220214844,213.88723714823547,210.52635096614495,212.84625148948237,49772700,0.003985989709524018,209.04912894112724,202.16353134881882,188.12051696777343,0.013659603443369472,0.019703469425679805,0.017190658529631107,70.01225750301101,6.527074594038254,0
2024-06-28,208.8111572265625,214.21436386521,208.4939133036932,213.91693728719588,82542700,-0.01625432632786805,208.5293426513672,203.12331063406808,188.97010833740234,0.01438737578361937,0.02027437608967098,0.01735336229030274,63.70528054590057,6.166808744523621,1
2024-07-01,214.88853454589844,215.64200216221636,210.10001313722785,210.26855134899324,60402900,0.029104658008010098,209.53067016601562,204.32527959914435,189.96025665283204,0.015815398856601395,0.02094417919200976,0.01762330206326996,72.52616752497906,6.2990771814090465,1
2024-07-02,218.3782958984375,218.4873518087767,213.2526983679821,214.293668724795,58046200,0.0162398676128237,211.34070042201452,205.64810616629464,191.06059478759767,0.014688872142199438,0.021056133315005932,0.017501937781089418,65.64133841667152,6.609307464283546,1
2024-07-03,219.64732360839844,219.64732360839844,217.1489612238199,218.11063203893852,37369800,0.005811143935984919,213.2399618966239,206.94732811337425,192.16968048095703,0.014554945644181992,0.021048673451941165,0.017501496718274643,61.367266527391926,6.878278614745824,1
2024-07-05,224.39614868164065,224.5052045874235,219.74642480522968,219.74642480522968,60412400,0.021620227350043875,215.6859130859375,208.45757765997024,193.35275299072265,0.015089030396946751,0.021266592553710384,0.017640702152579395,64.7848615078162,7.389449708674391,1
2024-07-08,225.86346435546875,225.89320550199056,221.3327047505454,225.13972278278513,59085900,0.006538952127515429,217.7494637625558,209.9659409295945,194.52319244384765,0.014678162758225243,0.02126744381039173,0.01761648258677881,68.85606833050437,7.822780451873371,1
2024-07-09,226.71609497070312,227.42991284004063,224.4259356098064,225.97253595078877,48076100,0.003774982455296394,219.8144313267299,211.58052716936385,195.69345764160155,0.014691771368066826,0.02102707276489415,0.01761916867954268,66.0862527536093,8.141152217681906,1
2024-07-10,230.97915649414065,231.0783037422216,227.28119408246096,227.3307677065015,62627700,0.018803523957963364,222.98128836495536,213.28433954148065,196.9606671142578,0.009481732709135214,0.02114104002419785,0.017652817966123828,73.8088880052984,8.637885406806902,0
2024-07-11,225.6156311035156,230.39422897123265,223.83108651749723,229.40281699319425,64710600,-0.02322081988710145,224.51373073032923,214.91072809128534,198.03744018554687,0.015076073463804003,0.021421830142328433,0.017945171695707272,72.3345981712242,8.500766815481086,1
2024-07-12,228.5601043701172,230.64207551688347,226.71607753741577,226.9540218514806,53046500,0.013050838952069821,225.96827479771204,216.01497177850632,199.23587310791015,0.01479881765470663,0.015591676708937272,0.017638152640257802,78.22672755194574,8.53134964051904,1
2024-07-15,232.386962890625,235.1926606193721,231.0882156126273,234.44910163171727,62631300,0.01674333554866947,227.78822326660156,217.02196321033296,200.5312387084961,0.015267957162150757,0.014903996075487936,0.017608372684189202,79.81375001179472,8.76336364877426,1
2024-07-16,232.8033447265625,234.24088892580107,230.3347237014565,232.98179160349451,43234300,0.0017917607371695787,228.98925127301897,217.99354553222656,201.76107208251952,0.01415953903380085,0.014915530127320203,0.01748100207720825,79.57724940927129,8.87848925869261,0
2024-07-17,226.91436767578125,229.47221227385296,224.69359950369105,227.47946461019197,57345900,-0.025295929737169875,229.1393803187779,218.76731945219495,202.66818237304688,0.018240207419709588,0.016065831627801837,0.016265072592549928,67.25543542902652,8.39773207427919,0
2024-07-18,222.25473022460935,228.46097889584823,220.36114484151935,228.3023493485251,66034600,-0.020534783667068957,228.50204249790735,219.12186758858817,203.51516784667967,0.019826166183008802,0.016454276892568863,0.016539555928542133,60.25637813268912,7.553660841676276,1
2024-07-19,222.38360595703125,224.8522270905052,221.36245288688536,222.88923571935769,49151500,0.0005798559710816775,227.27410670689173,219.59491257440476,204.35106811523437,0.017609716899802133,0.01619819687258419,0.01654808136498676,64.94870795127586,6.81655055157745,0
2024-07-22,222.03662109375,225.82380677595344,221.174082433242,225.06041535891617,48201800,-0.0015602987539841129,226.76281956263952,220.26907348632812,205.1732962036133,0.01573261431825276,0.01529113260650168,0.016565464390944005,59.01026822481996,6.13368129757356,1
2024-07-23,223.07760620117188,224.9910392063895,220.7676144514488,222.44310313331528,39960300,0.004688348716054058,225.97960553850447,221.09619358607702,205.98010681152343,0.014665035504281344,0.01496644740178523,0.0165446598233318,56.31329717230603,5.611811818845496,0
2024-07-24,216.6631622314453,222.86941075843336,215.26528287042115,222.07627816799848,61777600,-0.028754315948423814,223.7333483014788,221.58717782156808,206.68381103515625,0.014344029594996824,0.016586033699436835,0.017120763699917656,46.47786622483163,4.627293912640539,0
2024-07-25,215.6221923828125,218.95333716975932,212.77682977395943,217.04981289629316,51391200,-0.004804553934834699,221.27889796665735,221.98468744187127,207.30265045166016,0.013650164960217044,0.016653080479714217,0.01704156064613947,38.65097805157063,3.720174950764033,1
2024-07-26,216.08816528320312,217.60502442671483,214.15489978899527,216.82180047841348,41601300,0.0021610618797685,219.73229762486048,222.20704723539808,207.90800689697267,0.012706703337295764,0.0161371247210165,0.0170369267037779,37.01949768162627,3.0042456826496675,1
2024-07-29,216.36575317382812,217.41664743865044,213.8971319294418,215.09674706599597,36311800,0.001284604782780141,218.8910151890346,222.40249633789062,208.47350830078125,0.011411693753376218,0.016124276528067884,0.016988429677126746,36.0427524041232,2.431239783719292,1
2024-07-30,216.9209442138672,218.43780333279796,214.26395224147615,217.3075942808937,41643800,0.002565983904084135,218.11063494001115,222.78867667061942,209.047734375,0.01156164004008732,0.015630647343859126,0.016985260323699448,28.936398058887306,1.998885845771639,1
2024-07-31,220.1727600097656,221.89782218872543,218.7352157578384,219.53825698895488,50036300,0.014990787577857656,217.84436907087053,223.0403064546131,209.68640228271485,0.013544122973442374,0.014678313328172484,0.01706426198861632,41.29395684857953,1.896771788696043,0
2024-08-01,216.48471069335935,222.5521468936059,215.1562223313537,222.44309097566543,62501000,-0.01675070665527678,216.90252685546875,222.95013573056175,210.22811004638672,0.014407219178334504,0.014760191445176289,0.017291418932862877,31.13380768223992,1.5009489006335173,1
2024-08-02,217.97183227539065,223.66254232334137,215.84030263063204,217.2679231335739,105568600,0.006869406976909964,217.08947971888952,222.87035042898995,210.77358459472657,0.00985551585176348,0.014783923340331174,0.017291476327308812,25.701828297824093,1.2923572039871942,0
2024-08-05,207.47279357910156,211.6664621054212,194.3167520967801,197.3802115476467,119548600,-0.04816695160420714,215.92527988978796,222.0644763764881,211.13782958984376,0.021171531582453884,0.017256473862167776,0.01868659189868643,18.134185308420683,0.2766727911957787,0
2024-08-06,205.45030212402344,208.18660889381388,199.3432157724579,203.53688424769564,69660500,-0.009748224912713765,214.40558515276228,221.09242103213356,211.54133422851564,0.020950117539346457,0.01714444357078828,0.0184688536087893,20.088399265621888,-0.6835826658543738,1
2024-08-07,208.01806640625,211.80525225793107,204.61751548926864,205.12313014700663,63516400,0.012498225875941849,213.2130584716797,220.20203871954055,211.93472686767578,0.022086508764448457,0.017454245891348735,0.018412960101581,28.931925624716712,-1.2232935493957768,1
2024-08-08,211.4780731201172,212.36042911915672,207.03655197769595,211.27979376271136,47161100,0.016633202940700142,212.43550545828683,219.2734157017299,212.39712127685547,0.023524397330116936,0.017318724345478993,0.018523328908195878,35.309811382339774,-1.3561913579086422,1
2024-08-09,214.38291931152344,214.91827509282652,210.1495861717322,210.2784745623819,42201600,0.013735921405697349,211.60838535853796,218.73852466401598,212.9116638183594,0.023365296487196117,0.01714977477852402,0.0185908575009685,40.35481544866311,-1.2131327782791175,1
2024-08-12,215.91148376464844,217.87674748817912,213.9958510490632,214.46235526228747,38028100,0.007130066415896863,211.52649579729353,218.13620939708892,213.4369497680664,0.02285642628751035,0.01693230728583444,0.018597948440070684,41.07889319077465,-0.9652882050633309,1
2024-08-13,219.62364196777344,220.23902400333975,217.38044783379533,217.38044783379533,44155300,0.017192963238450876,211.76246861049108,217.52843221028647,214.01744384765624,0.023702227957414595,0.016958212777242777,0.01870741902415775,53.951354781632546,-0.4639809681912652,1
2024-08-14,220.07029724121097,221.37054778476931,218.06532277692483,218.92885985517657,41960600,0.0020337303827384634,213.5621119907924,216.92209661574591,214.57157653808594,0.009676468650292123,0.016961390304927347,0.01868605124524203,56.03259423218841,-0.03030073551653345,1
2024-08-15,223.0479736328125,223.67329096872731,221.10255033510867,222.9288713384501,46414000,0.013530569226876787,216.07606506347656,216.73798261369978,215.1789178466797,0.005429225973420241,0.01646525682006139,0.01874573103510183,58.836961491665164,0.5473579707297915,1
2024-08-16,224.3680877685547,225.1422830006272,221.98593577772976,222.25393109506464,44340200,0.005918521088720485,218.41178240094865,216.838618687221,215.7825228881836,0.005846215046334172,0.015872089550586176,0.01873788751059762,59.89861320776439,1.0990101306603037,0
2024-08-19,224.2092742919922,224.30853630427512,221.38047353975193,224.04054098731652,40687800,-0.0007078256009666051,220.23052542550224,216.92555527460007,216.4105126953125,0.00662524440611442,0.015874547952847866,0.01868890612416367,59.10469576674191,1.5060230255733984,1
2024-08-20,224.8246307373047,225.4797235950926,223.772520166148,224.09014645304697,30299000,0.0027445628520750276,221.72219848632812,217.05831763857887,217.00302337646485,0.006451396886457634,0.01587425212179527,0.0186417252430191,56.22096532551283,1.8568333801818255,0
2024-08-21,224.71546936035156,226.28371522001356,223.375523094966,224.8345868015738,34765500,-0.00048554011451118484,222.97991071428572,217.13631112234933,217.66810333251954,0.007011131306271912,0.01584965560178618,0.018374160605172198,62.172160575369965,2.1018162731786845,0
2024-08-22,222.859375,226.64102413052152,222.2340576918725,226.09511339685903,43695300,-0.00825975339230045,223.44215829031808,217.43136887323288,218.01787109375,0.006677717597097925,0.014536807434048102,0.01548400649652946,57.149974686799325,2.1217376076276366,1
2024-08-23,225.15219116210935,226.52192810531065,222.66087229355688,223.98097823318813,38677300,0.010288174603870104,224.16814313616072,217.8851783389137,218.29611206054688,0.007356226914997886,0.0145853398914609,0.015047251581396344,84.03481509985986,2.296068858573534,1
2024-08-26,225.4896545410156,225.58891654674125,222.22414052811973,225.0727813784282,30602200,0.0014988234276755996,224.51695469447546,218.33286830357142,218.55790283203126,0.005807160056614246,0.01458606405899937,0.015035623171418388,91.25447240537662,2.433407300696615,1
2024-08-27,226.33334350585935,227.14724957253156,223.2167072550591,224.31844891527624,35934600,0.0037415861342333656,224.79770551409038,218.8075154622396,218.87126739501954,0.0055897543542959855,0.014588770983216844,0.014976647389887495,90.58622480584506,2.5805803303168204,0
2024-08-28,224.80479431152344,228.14971479709,224.0008084384826,226.22414704916855,38052200,-0.006753530746548386,224.88277980259483,219.1829368954613,219.07117889404296,0.006358655529338096,0.014719843324111274,0.014789070452521801,82.29630747202953,2.544542963886272,1
2024-08-29,228.0802459716797,231.1869621230462,227.1770283167567,228.3879521456165,51906300,0.014570203763614176,225.34786769321983,219.55948384602866,219.3837905883789,0.008346670879861632,0.014701282123364037,0.014807368517540415,82.60870196974197,2.748600510497198,0
2024-08-30,227.296142578125,228.6857199244299,225.787447784096,228.47729089511273,52990800,-0.003437840003259418,225.7165352957589,220.0743139357794,219.77212860107423,0.008569856156845568,0.01413821749497998,0.014449663274788218,78.09902571113304,2.8146020155014355,0
2024-09-03,221.11248779296875,227.2961293418145,219.52438650802387,226.8494805883163,50190600,-0.02720527816714191,225.46697998046872,220.22386896042596,220.0802166748047,0.013688991915749037,0.01549253765396057,0.014928162046789551,53.27512558681586,2.340954356896816,0
2024-09-04,219.2067718505859,220.12984491677884,215.8618360334932,220.01074262314265,43840200,-0.00861876215769053,224.6176343645368,220.78262983049666,220.33730224609374,0.012924635029567515,0.010993244401169599,0.014995181237338813,48.21502017375406,1.791162419772661,1
2024-09-05,220.72537231445312,223.80229748015876,219.87177059333376,219.9809527371486,36615400,0.0069277078032166095,223.93702261788505,221.510014125279,220.6063198852539,0.013444081280426132,0.01064738707603835,0.015009745311038656,44.89079662675902,1.461143561083361,0
2024-09-06,219.177001953125,223.5641132436583,218.13481142105056,222.2837029728863,48423000,-0.007014917882309679,222.91468811035156,222.04139200846353,220.76148773193358,0.013161118760023746,0.010671988092000732,0.014810503565755388,38.6943069923865,1.0624138445560618,1
2024-09-09,219.2663116455078,219.62363365317324,215.0975649862482,219.17698492990527,67180000,0.00040747747978553406,222.12347630092077,222.41226050967262,220.90158752441405,0.013235280016600487,0.010176955454911398,0.014803583661081117,39.20200531996453,0.7450359071300738,0
2024-09-10,218.47227478027344,219.83207646515768,215.1174187834135,217.29112653781655,51591000,-0.0036213354403393794,220.75090898786272,222.60699172247024,221.0948098754883,0.010629445174820928,0.009856611474090986,0.014613892965396691,36.23065117878973,0.4245455691037989,1
2024-09-11,221.0032958984375,221.43008920211523,216.26878297144032,219.81222755985956,44587100,0.011585090697250333,219.85193089076452,222.8494589669364,221.21710510253905,0.01258806641710622,0.01004254073969376,0.01412851535574199,42.71805196119104,0.370515842821618,1
2024-09-12,221.11248779296875,221.8866830044339,218.1844402475294,220.84449248276735,37455600,0.0004940736023295589,219.85193089076452,222.92035638718377,221.2717889404297,0.007294063637917925,0.009346445783094045,0.013948502520116318,46.32109946695082,0.3326729224455107,0
2024-09-13,220.8444976806641,222.37303270856336,220.25889118684435,221.9164638014437,36766600,-0.0012120080370837671,220.0858917236328,222.95722307477678,221.295732421875,0.006301213631564638,0.009344283186109525,0.013927683844878238,40.08227619084435,0.2778546377225837,0
2024-09-16,214.7104949951172,215.60379255643392,212.32834292284383,214.9288441684498,59357400,-0.027775211743860218,219.22662353515625,222.56020028250558,221.10201934814452,0.012004706573464157,0.010655332755442665,0.014128060939037242,30.411277678845323,-0.2575827470210186,1
2024-09-17,215.17697143554688,215.28615358843467,212.904016801209,214.14471619981745,45519300,0.0021725833217434154,218.65519060407365,222.12252807617188,220.8882894897461,0.012106227870639903,0.010551245022049776,0.014095335481186907,29.443954620291393,-0.6369377597970356,1
2024-09-18,219.0479431152344,221.05291740528648,215.92137182236397,215.931307109631,59894900,0.01798971169573793,218.6239950997489,221.87675040108817,220.73492645263673,0.014427025856011333,0.011413727853848957,0.014332301926325751,40.23564012963217,-0.61809921405046,1
2024-09-19,227.1670837402344,228.11002736409569,222.95864123060412,223.31596324984213,66781300,0.03706558714741637,219.86611066545763,221.98829578218005,220.6586849975586,0.01990542714293453,0.014120004255309692,0.015051172346341712,48.669735680958894,0.05138492964329089,0
2024-09-20,226.50205993652344,231.35567496568984,225.9263736470506,228.25889437635817,318679900,-0.002927465514640404,220.6516483851842,222.07337152390252,220.67641357421874,0.019953312506303812,0.014139332581090127,0.014687523152043287,48.839179482512414,0.5222736284845837,0
2024-09-23,224.78497314453125,227.74279650292337,224.1298801756485,225.6484951474401,54146000,-0.007580888193570501,221.1762891496931,222.16506667364212,220.60091094970704,0.020397138744660006,0.014119132185693748,0.014608292962392818,56.17495535805914,0.7482760999707239,1
2024-09-24,225.67825317382812,227.64353192764617,224.05045616714196,226.94872814757065,43556100,0.0039739312499440516,221.86682564871654,222.19011724562873,220.4667367553711,0.020332514507711362,0.013966774055615985,0.01441589745913817,61.26474045797878,0.9880750061790593,0
2024-09-25,224.68568420410156,225.5988371064948,222.35317851779175,223.2563961324406,42308700,-0.004398159573497096,223.29185267857147,222.15183294387091,220.30438354492188,0.01579664623647489,0.013998679269018127,0.014422540548925084,57.02221031755693,1.0855122370344077,1
2024-09-26,225.82713317871097,226.7998372114188,223.7328321067471,225.60876888531143,36636700,0.005080203390139149,224.81330435616633,222.12772769019716,220.28263885498046,0.015698328128209964,0.014019968438921981,0.01399475897049125,61.96430444061457,1.2405371966530652,1
2024-09-27,226.09510803222656,227.81224676693589,225.60876359989413,226.76013618443497,34026000,0.0011866370960107453,225.8200422014509,222.18917120070685,220.3594464111328,0.015012694056578768,0.013935919199177546,0.013677834700405489,62.20726480805821,1.369235233709901,1
2024-09-30,231.2663726806641,231.2663726806641,227.94129216556473,228.32838978012128,54541900,0.022872076682439513,226.40565490722656,222.34089152018228,220.53710174560547,0.010034701247515381,0.014466683278937718,0.014041143715211419,69.77605779835295,1.8669857448553557,0
2024-10-01,224.5269012451172,227.94129335648356,222.0752779583648,227.81227091446172,63285000,-0.029141597013988996,226.1234893798828,222.20902288527716,220.58690734863282,0.015721674313450115,0.015859900552097617,0.014666852835857789,54.81947650963568,1.6980633727478107,1
2024-10-02,225.0926513671875,225.67825786117984,221.36063294746157,224.2092739820147,32880600,0.002519743152971543,226.16744341169084,222.39855448404947,220.62720825195314,0.015494302591714996,0.014632926570736624,0.014656902589043199,55.37679003713645,1.5914966992361599,0
2024-10-03,223.99090576171875,225.1224230122484,221.65839996957536,223.4648504260935,34044200,-0.00489463160514958,225.92639378138952,222.62637038457962,220.7737631225586,0.015506304271424345,0.014533369612176104,0.014068730528982235,54.15683414311795,1.401979038364999,1
2024-10-04,225.11248779296875,226.3035561118749,222.46235586119457,226.20429410810965,37245100,0.005007265930890625,225.98736572265625,222.8352806454613,220.96356903076173,0.015566911903179603,0.014501063555514091,0.014057910331800877,65.84037977595443,1.3269905027011077,0
2024-10-07,220.04049682617188,224.01073444452055,219.68317483471031,222.8295863298211,39505400,-0.02253091783811423,225.16070338657923,222.87639944893974,221.04261566162108,0.017548224486409976,0.015304872831731896,0.014443255840682716,56.49521401422059,0.8485131340723626,1
2024-10-08,224.09014892578125,224.29857792676057,221.58889489724396,222.63108533790577,31855700,0.01840412177767692,224.87428065708704,223.1061059860956,221.19710357666017,0.019431445785558853,0.015806889650100003,0.014664293727314119,56.70185597720707,0.7870172078041833,1
2024-10-09,227.8321075439453,228.04055170887608,223.1571606453159,223.554178398676,33591100,0.016698452101093553,224.3836713518415,223.55181230817522,221.4153268432617,0.018266788449088148,0.01611870403664761,0.014834087135304876,51.00031260486144,1.0283716031136692,0
2024-10-10,227.3358154296875,227.7923994519787,225.47973405841245,226.0851959438118,28183500,-0.0021783238526293935,224.78494480678015,223.85336085728235,221.55858795166014,0.013910895885402954,0.015994076106177795,0.014703901954900312,51.26051311910846,1.1661573384368467,0
2024-10-11,225.85694885253903,227.7031103866363,225.64850466446404,227.59392822055096,31759200,-0.0065052071727160765,224.89413016183036,224.07928757440476,221.74603271484375,0.014253646452990898,0.01608803620494217,0.014525384438772184,51.632424775734115,1.1428473204880447,1
2024-10-14,229.5790252685547,230.00581860221664,226.89911753216435,226.99836439928595,39882100,0.016479795883746595,225.6924329485212,224.4952174595424,221.97817657470702,0.015148848854645154,0.01641883531508737,0.014668166285551591,55.468989002591556,1.4084783616007428,1
2024-10-15,232.1100311279297,235.72294688412148,230.64103225198252,231.87181141001133,64751400,0.01102455181353923,226.69208199637276,225.32376679920014,222.4709213256836,0.01540884801929138,0.015027537713610865,0.012887696461373539,59.978671129322656,1.80244641550982,0
2024-10-16,230.055419921875,230.3928864880035,228.1298522341637,229.87676649695567,34082200,-0.008851884582800618,228.12278529575892,226.03226434616815,222.96302368164064,0.011873551032300816,0.01527860472130605,0.012871168171302216,55.54685920519801,1.9266695362888413,1
2024-10-17,230.42269897460935,232.1100623660923,228.80483716826544,231.6931740173152,32993800,0.0015964807647612655,229.02743530273438,226.57391938709077,223.4111163330078,0.010691190129186484,0.014904733508670467,0.012787749732364758,55.66237801788315,2.03133760906843,1
2024-10-18,233.25144958496097,234.4226623599635,232.26881036633287,234.4226623599635,46431500,0.012276353948372565,229.80162702287947,226.86365109398253,223.8465838623047,0.009921327570160628,0.012875365080605234,0.012701445866392711,52.76696369474111,2.3158486821965028,1
2024-10-21,234.720458984375,235.0877162866724,232.7055644739604,232.7055644739604,36254500,0.006297964715880289,230.85657610212053,227.2550034295945,224.2533346557617,0.009639431797964754,0.012879914145597766,0.012604868271292981,66.65582947175155,2.6295507151452853,0
2024-10-22,234.10508728027344,234.4624093106695,230.86934872103873,232.14974382855843,38846600,-0.002621721629057161,232.03488159179688,227.69881838843935,224.61720672607422,0.008981963636499717,0.012744493670709123,0.012597610716779017,64.70208708059127,2.7962727906025293,0
2024-10-23,229.04299926757812,233.39041424004768,226.06532109909307,232.33830371042365,52287000,-0.021623143997015815,231.95830644880022,227.85904439290366,224.80559387207032,0.012018984196046205,0.013733386150479025,0.012817295369682135,57.298490985946785,2.491215853944027,0
2024-10-24,228.85446166992188,229.10260155629064,226.710529416834,228.26884002769643,31109500,-0.0008231537233582831,231.49322509765625,228.05755760556175,224.98127716064454,0.010949762473321542,0.013687873781638573,0.01281860056212089,55.555600864125026,2.208781170949038,1
2024-10-25,229.68820190429688,231.484732210271,227.86189602437616,228.03062932515897,38802300,0.003643102381711616,231.44076538085938,228.24141802106584,225.11408172607423,0.010654270247456481,0.013669853446417255,0.012694872039950832,66.38579195886652,2.028838333499152,1
2024-10-28,231.66339111328125,232.98349712196287,230.81972458948547,231.58399967772365,36087100,0.008599436943685035,231.61800711495536,228.50657435825892,225.25998779296876,0.011165316779192231,0.013773027251239073,0.0127231399263942,63.83757356229415,2.0223017643220658,1
2024-10-29,231.93136596679688,232.5864588417728,230.5914197900792,231.36561495313973,35417200,0.0011567423416700695,231.42942374093192,228.53824070521765,225.41442962646485,0.00999346071695632,0.012852942269964484,0.012721603400142886,58.57915944681858,2.0155112581039987,0
2024-10-30,228.3879547119141,231.73287549326048,227.8420439394486,230.8792736886572,47070900,-0.015277844116134198,230.5247802734375,228.72210039411272,225.48569610595703,0.01074983151452901,0.011560718060164647,0.012917938620425505,51.952896873971596,1.7045569863686296,0
2024-10-31,224.2291259765625,228.11995749798112,223.69313535160188,227.63359787833264,64370100,-0.01820949244279313,229.11392865862166,228.6809801374163,225.47596923828124,0.011995440912081823,0.012276193516772699,0.013183091784266266,47.251958617996515,1.1097482762189372,0
2024-11-01,221.25144958496097,223.67329727363756,218.6310930183327,219.3258816637916,65276700,-0.013279614673754603,228.0008501325335,228.55052984328498,225.44381072998047,0.010516516187473506,0.012572348604662893,0.013266455185837163,35.57919346894603,0.39354791336739936,0
2024-11-04,220.3581390380859,221.13233427123137,218.07526420177624,219.34573920720757,44944500,-0.004037535340675968,226.78708975655692,228.32413228352866,225.3479296875,0.010378905512096524,0.012528728129905818,0.013192930485890177,28.425636049490038,-0.24332384375549054,1
2024-11-05,221.7873992919922,222.28367900181777,219.49458945583885,220.14968230766976,28111300,0.006486078799473161,225.65840366908483,228.40731811523438,225.27388458251954,0.010834789011737955,0.011593802772671547,0.013225967018796901,34.464698060312855,-0.6255094583549123,0
2024-11-06,221.06285095214844,224.387931303672,219.54423614319148,220.95366880237512,54561100,-0.0032668598042842056,224.14404078892298,228.26316106887091,225.16847473144531,0.009163183978364577,0.010855929899391718,0.013219988415043234,32.64618596716572,-0.9756130472353846,1
2024-11-07,225.78744506835935,226.18447798056903,222.89910825147632,222.95865940199351,42137700,0.021372175812722105,223.26633780343192,228.1657961890811,225.18812774658204,0.013958262789903093,0.01126819015581916,0.013538046685078136,37.070185520096366,-0.8619019346977268,0
2024-11-08,225.51914978027344,227.20835428792032,224.9726384261151,225.72780810336752,38328800,-0.0011882648656779127,222.85650852748327,228.07928830101378,225.1369058227539,0.013001037501443123,0.01126230971442951,0.013378624520254139,33.36881953940376,-0.7843922605659941,0
2024-11-11,222.8064727783203,224.26714170400084,220.0938084143074,223.57158868270503,42005600,-0.012028588279958119,222.6532723563058,227.93402753557478,225.04711242675782,0.01185478324735204,0.011476404163976512,0.013476670405456954,31.01719682520151,-0.9311222509540187,0
2024-11-12,222.8064727783203,224.15783943194583,221.9420008205612,223.12444853772337,40398300,0.0,222.87541852678572,227.6115250360398,225.08099212646485,0.010521579838407704,0.010794383949747069,0.01290573693464873,37.37445253986288,-1.0354705653497263,1
2024-11-13,223.6908264160156,225.2111120360391,221.34580821096,222.58787261698697,48566200,0.003969155952552539,223.3515167236328,227.21061052594865,225.17067321777344,0.010309638501281821,0.010494988548646143,0.012852181726138941,39.83290590381507,-1.0348779794293819,1
2024-11-14,226.77114868164065,227.41701609796436,223.57158960851197,223.59146688403663,44923900,0.013770445194280612,224.063480922154,227.05421665736608,225.2915887451172,0.011148792917151148,0.010878761964045672,0.012958170714049727,44.72321529122628,-0.7768965079669385,0
2024-11-15,223.57159423828125,225.47940335635096,222.8462328667566,224.96270031544069,47923700,-0.01410917774135012,224.42187282017298,226.72797357468377,225.37948059082032,0.012828832521790255,0.01125165892836865,0.013081756436575411,35.983282620141665,-0.8211558633231277,1
2024-11-18,226.57241821289065,228.28149999782983,223.74050538640265,223.8199993254601,44633700,0.013422205914992658,224.5340118408203,226.40992446172805,225.52560272216797,0.011019686132030509,0.011323722787423197,0.013209125583463892,41.520023334157564,-0.6070921253760844,1
2024-11-19,226.8307647705078,228.6988344551977,225.22105418122663,225.53901477922057,36211800,0.0011402383381653447,224.7213854108538,226.03422473725817,225.69277252197264,0.01099365432980738,0.011205518228804768,0.01319418766628633,47.25000458099025,-0.41185109959201327,1
2024-11-20,227.5461883544922,228.4702769508748,224.45593165289552,226.61215353970655,35169600,0.00315399714279585,225.3984876360212,225.72189621698288,225.82363037109374,0.009405258571117145,0.011249131032246232,0.01310760715928431,56.669020699742966,-0.19712019691235128,0
2024-11-21,227.06922912597656,228.69881686539628,224.27707103239013,227.42694424740617,42108300,-0.0020960985194468096,226.00745282854353,225.62790716262091,225.9427651977539,0.00955077330026918,0.010246924397616425,0.013113424985960477,63.00442037191142,-0.06468538031373328,1
2024-11-22,228.41065979003903,229.25526960886552,226.6121530455377,226.6121530455377,38168300,0.005907584524886156,226.6817147391183,225.60677373976935,226.0940884399414,0.00961986150041611,0.010336652299247575,0.013131811316326517,67.64619730517057,0.14681996065382918,1
2024-11-25,231.3916015625,231.76919395430343,228.28148292479264,229.99056458191063,90152800,0.013050799709615646,227.34177943638392,225.6878880092076,226.42771057128905,0.009488865523441557,0.010701742491753348,0.012579038611016754,69.70636800649217,0.5486520363016325,1
2024-11-26,233.56771850585935,234.07449047305911,231.84870566104107,231.84870566104107,45986200,0.009404476777311155,228.7697971888951,225.77857026599702,226.79552551269532,0.0059596403100623,0.010733951838969732,0.012627534630916646,74.21561831278818,1.0308186661363834,0
2024-11-27,233.4385223388672,234.19370712659864,232.32563759305353,232.98145117337265,33498400,-0.0005531422228149951,229.75066920689173,225.85033961704798,227.08333709716797,0.005492051465658972,0.010734766376680447,0.0124103709562362,68.0242134058011,1.38653107600598,1
2024-11-29,235.8233184814453,236.3002669685808,232.48464874765904,233.31931239062584,28481400,0.010215949444352113,231.03531973702567,226.20440455845423,227.2564617919922,0.005693009489997376,0.010310628664633007,0.011370713401279677,72.07316339712042,1.8396623592034302,1
2024-12-02,238.0689697265625,239.26134854667043,235.65440375298792,235.7637060292764,48137100,0.00952260047724618,232.53857421875,226.86344473702567,227.48779998779298,0.00574867680944857,0.00938394067333538,0.011423356631622373,83.36222912281988,2.3528552033793915,1
2024-12-03,241.10952758789065,241.21882985808793,237.3833345065081,238.28756099978403,38861000,0.012771752088566624,234.54433114188058,227.80906749906995,227.81429107666017,0.0046966274506604275,0.008844853653112161,0.011471656980130644,85.31434684993681,2.9706678285989483,1
2024-12-04,241.46725463867188,242.56027739454964,239.7184333911867,241.32814402991647,44383900,0.0014836703234417659,236.40955897739954,228.81426348005022,228.13007110595703,0.005371200164347246,0.008670000161002719,0.011465958672945531,85.00971861105003,3.4493919255871504,1
2024-12-05,241.4970703125,242.9875476638645,240.59285890906452,242.44105143123323,40033900,0.00012347708956528258,237.8531973702567,229.75281924293154,228.466298828125,0.005558332829897165,0.0087046102841321,0.011436944802772362,82.96256574902655,3.787529811161477,0
2024-12-06,241.29832458496097,243.0769692456264,240.5431549096241,241.36788746709487,36870600,-0.0008229736587771486,238.9575696672712,230.71641322544642,228.77572265625,0.00589096538164941,0.008617114548226074,0.011429787674525295,95.83740715050622,3.9934355630623486,1
2024-12-09,245.1835021972656,245.67039687977777,240.21524480725012,240.29473874492055,44649200,0.016101137954385836,240.6354239327567,231.6400349934896,229.1574905395508,0.006729817938784441,0.008156835932649696,0.011617438868529834,96.019456744512,4.419177194586638,1
2024-12-10,246.197021484375,246.63423054379348,243.78244060146585,245.32260336553807,36914800,0.004133717309796614,242.1173815046038,232.62469555082777,229.456103515625,0.006646034405092615,0.008070985352826942,0.011215420365077503,96.16276286892969,4.78322500065471,0
2024-12-11,244.92515563964844,249.2077910379196,244.69660488558225,246.38582450957213,45205800,-0.00516604887036487,243.09683663504464,233.67796616327195,229.86406860351562,0.007659201119894052,0.0074989772733799216,0.010367191749714798,90.35519865301752,4.912478570494471,1
2024-12-12,246.3858184814453,247.1608653940442,244.1202792424049,245.32260415969785,32777500,0.005963710987473725,243.85059247698103,234.80079214913505,230.2899319458008,0.0067513770380509585,0.0074309062925859495,0.010383544117464626,92.89486060793368,5.074283063355608,1
2024-12-13,246.55474853515625,247.7073727380188,244.67674782957272,246.24671899982584,33155300,0.000685632211919085,244.57737731933594,235.8895503452846,230.74120880126952,0.006790174614988987,0.007484234747470347,0.010339332031639803,92.50454502885036,5.156702279273844,1
2024-12-16,249.44625854492188,249.78411156803347,246.07778066556844,246.41563368868003,51694800,0.011727658976129263,245.71297563825334,236.96931748163132,231.22788421630858,0.007362494047710916,0.007372502069694696,0.01042291363508175,92.47300634638049,5.393171668259214,1
2024-12-17,251.87078857421875,252.2185726786221,248.19428090188288,248.49237939681157,51356400,0.009719648807080539,247.22332763671875,238.31689816429503,231.86449005126954,0.007128444095620355,0.0060722208691440125,0.009849128072546473,92.55996309963123,5.710388865177293,0
2024-12-18,246.4752655029297,252.6657103008961,246.1672359539693,250.55917390522964,56774100,-0.02142178972731157,247.4078652518136,239.264652797154,232.3121923828125,0.011300191349463739,0.008234720259137483,0.01016298206120966,74.35043725995169,5.4634331036265,1
2024-12-19,248.2041931152344,250.400169527173,245.5213371883983,245.92873792847348,60882300,0.007014608986329218,247.6946040562221,240.28243509928384,232.71963409423827,0.011492410438621675,0.008230715453984891,0.009966692365409544,73.7062122264808,5.345608050360283,1
2024-12-20,252.87437438964844,253.38113119374523,244.13023820234332,246.46531011815415,147495300,0.018815883872863592,248.83020673479353,241.48853919619606,233.2304052734375,0.012775224854638154,0.008808192354870615,0.010235852315448005,75.94010410400782,5.564926437351573,1
2024-12-23,253.6494140625,254.02699130961165,251.84096111600803,253.15258832932108,40858800,0.0030649197836760678,249.86786324637276,242.75426228841147,233.78625457763673,0.012772284180736875,0.008668993213590654,0.010159265025488067,73.865354994738,5.735165643941457,1
2024-12-24,256.560791015625,256.57070690893096,253.66924678278625,253.86798918256417,23234700,0.011477956548354706,251.29729788643974,244.09474472772507,234.32588989257812,0.012923681157432603,0.00877244013630342,0.010041479820223987,76.18059760905565,6.035432521217643,1
2024-12-26,257.3755798339844,258.44874034869076,255.9944201288889,256.55086249805703,27237100,0.003175811920184346,252.4300580705915,245.3320770263672,234.83120086669922,0.012668460228521332,0.00861557744077087,0.009962940363840956,76.81204304710162,6.26690188896734,0
2024-12-27,253.9673767089844,257.05764856283577,251.45343969164696,256.19314630806485,42355300,-0.01324213869551405,252.72957066127233,246.30348932175409,235.30944000244142,0.01400853486040236,0.009430739919846231,0.01008024259523922,69.30067176312136,6.104955396304376,0
2024-12-30,250.59890747070312,251.890657464443,249.15811581542044,250.6287158030117,35557500,-0.013263393440257176,253.31866237095423,247.12065051850817,235.7129641723633,0.012001660116535385,0.01012259019786672,0.010309717698455317,58.38206480356576,5.639792303029708,0
2024-12-31,248.8302001953125,251.6720440162376,247.84647977817443,250.83738041728796,39480700,-0.007057920935259476,253.40809195382255,247.74002583821616,236.0245391845703,0.012282002411650863,0.010244902004381728,0.01026867691339172,53.98257864166577,5.069983688859935,0
